city,city_ascii,state_id,state_name,county_fips,county_name,lat,lng,population,density,source,military,incorporated,timezone,ranking,zips,idSeattle,Seattle,WA,Washington,53033,King,47.6211,-122.3244,3530752,3414,shape,FALSE,TRUE,America/Los_Angeles,1,98109 98108 98105 98104 98107 98106 98101 98103 98102 98154 98122 98121 98126 98125 98178 98174 98177 98144 98146 98195 98199 98118 98119 98116 98117 98115 98112 98164 98134 98136 98133,1840021117Spokane,Spokane,WA,Washington,53063,Spokane,47.6671,-117.433,426849,1230,shape,FALSE,TRUE,America/Los_Angeles,2,99201 99203 99202 99205 99204 99207 99208 99258 99224 99223 99001 99212,1840021093Kennewick,Kennewick,WA,Washington,53005,Benton,46.1978,-119.1732,240876,1162,shape,FALSE,TRUE,America/Los_Angeles,2,99337 99336 99338,1840018481Bremerton,Bremerton,WA,Washington,53035,Kitsap,47.5436,-122.7121,219538,560,shape,FALSE,TRUE,America/Los_Angeles,2,98312 98314 98310 98337,1840018410Tacoma,Tacoma,WA,Washington,53053,Pierce,47.2431,-122.4531,215766,1675,shape,FALSE,TRUE,America/Los_Angeles,2,98422 98403 98404 98405 98408 98409 98402 98406 98407 98466 98465 98416 98418 98444 98421,1840021129Olympia,Olympia,WA,Washington,53067,Thurston,47.0417,-122.8959,200836,1108,shape,FALSE,TRUE,America/Los_Angeles,2,98502 98501 98506,1840019865Vancouver,Vancouver,WA,Washington,53011,Clark,45.6366,-122.5967,182792,1448,shape,FALSE,TRUE,America/Los_Angeles,2,98684 98664 98665 98660 98661 98662 98663 98682 98683,1840021189Marysville,Marysville,WA,Washington,53061,Snohomish,48.0809,-122.1561,162700,1295,shape,FALSE,TRUE,America/Los_Angeles,2,98271 98270,1840019789Bellevue,Bellevue,WA,Washington,53033,King,47.5951,-122.1535,146145,1686,shape,FALSE,TRUE,America/Los_Angeles,2,98004 98005 98006 98007 98008,1840018417Kent,Kent,WA,Washington,53033,King,47.3887,-122.2128,130038,1487,shape,FALSE,TRUE,America/Los_Angeles,2,98031 98030 98032 98042,1840018424Bellingham,Bellingham,WA,Washington,53073,Whatcom,48.7548,-122.469,129653,1246,shape,FALSE,TRUE,America/Los_Angeles,2,98225 98226 98229,1840018346Yakima,Yakima,WA,Washington,53077,Yakima,46.5923,-120.5496,126487,1302,shape,FALSE,TRUE,America/Los_Angeles,2,98901 98903 98902 98908,1840021154Everett,Everett,WA,Washington,53061,Snohomish,47.9525,-122.1669,110840,1289,shape,FALSE,TRUE,America/Los_Angeles,2,98207 98204 98203 98201 98208,1840019785Renton,Renton,WA,Washington,53033,King,47.4784,-122.1918,101871,1675,shape,FALSE,TRUE,America/Los_Angeles,2,98059 98058 98057 98056 98055,1840019827Spokane Valley,Spokane Valley,WA,Washington,53063,Spokane,47.6626,-117.2346,99275,1016,shape,FALSE,TRUE,America/Los_Angeles,3,99206 99016 99212 99216 99037,1840021094Federal Way,Federal Way,WA,Washington,53033,King,47.3091,-122.3358,96812,1676,shape,FALSE,TRUE,America/Los_Angeles,3,98023 98003,1840019826Kirkland,Kirkland,WA,Washington,53033,King,47.697,-122.2057,91146,1976,shape,FALSE,TRUE,America/Los_Angeles,3,98039 98033 98034,1840019836Auburn,Auburn,WA,Washington,53033,King,47.3039,-122.2108,80914,1056,shape,FALSE,TRUE,America/Los_Angeles,3,98001 98002 98092,1840018416Pasco,Pasco,WA,Washington,53021,Franklin,46.2506,-119.1305,74266,844,shape,FALSE,TRUE,America/Los_Angeles,3,99301,1840019888Wenatchee,Wenatchee,WA,Washington,53007,Chelan,47.436,-120.3295,71119,1250,shape,FALSE,TRUE,America/Los_Angeles,3,98801,1840021074Redmond,Redmond,WA,Washington,53033,King,47.6763,-122.1169,67959,1583,shape,FALSE,TRUE,America/Los_Angeles,3,98052,1840019835Longview,Longview,WA,Washington,53015,Cowlitz,46.1461,-122.963,67958,989,shape,FALSE,TRUE,America/Los_Angeles,3,98632,1840019904Mount Vernon,Mount Vernon,WA,Washington,53057,Skagit,48.4203,-122.3115,67767,1114,shape,FALSE,TRUE,America/Los_Angeles,3,98274 98273,1840019774Sammamish,Sammamish,WA,Washington,53033,King,47.6017,-122.0416,65265,1233,shape,FALSE,TRUE,America/Los_Angeles,3,98029 98075 98074,1840021115South Hill,South Hill,WA,Washington,53053,Pierce,47.1198,-122.2853,64104,1331,shape,FALSE,FALSE,America/Los_Angeles,3,98374 98375 98373,1840037886Lakewood,Lakewood,WA,Washington,53053,Pierce,47.1628,-122.5299,60564,1370,shape,FALSE,TRUE,America/Los_Angeles,3,98499 98498,1840019860Richland,Richland,WA,Washington,53005,Benton,46.2824,-119.2939,57353,564,shape,FALSE,TRUE,America/Los_Angeles,3,99352 99354,1840019889Shoreline,Shoreline,WA,Washington,53033,King,47.7564,-122.3426,56835,1886,shape,FALSE,TRUE,America/Los_Angeles,3,98155 98177 98133,1840021118Burien,Burien,WA,Washington,53033,King,47.4762,-122.3394,51588,1984,shape,FALSE,TRUE,America/Los_Angeles,3,98146 98148 98168 98166,1840018420Lacey,Lacey,WA,Washington,53067,Thurston,47.0462,-122.7933,50827,1140,shape,FALSE,TRUE,America/Los_Angeles,3,98516 98503,1840019866Bothell,Bothell,WA,Washington,53033,King,47.7735,-122.2044,46386,1313,shape,FALSE,TRUE,America/Los_Angeles,3,98021 98011,1840018419Edmonds,Edmonds,WA,Washington,53061,Snohomish,47.8115,-122.3533,42347,1833,shape,FALSE,TRUE,America/Los_Angeles,3,98026 98020,1840037645Puyallup,Puyallup,WA,Washington,53053,Pierce,47.1793,-122.2902,41666,1138,shape,FALSE,TRUE,America/Los_Angeles,3,98374 98371 98372 98373,1840019859Issaquah,Issaquah,WA,Washington,53033,King,47.5439,-122.0471,38707,1232,shape,FALSE,TRUE,America/Los_Angeles,3,98029 98027,1840018422Lynnwood,Lynnwood,WA,Washington,53061,Snohomish,47.8284,-122.3033,38538,1889,shape,FALSE,TRUE,America/Los_Angeles,3,98037 98036,1840019788Parkland,Parkland,WA,Washington,53053,Pierce,47.1417,-122.4376,37946,1695,shape,FALSE,FALSE,America/Los_Angeles,3,98444 98445 98447,1840018453Pullman,Pullman,WA,Washington,53075,Whitman,46.7336,-117.168,33974,1200,shape,FALSE,TRUE,America/Los_Angeles,3,99163,1840019864Spanaway,Spanaway,WA,Washington,53053,Pierce,47.0979,-122.4233,33776,1491,shape,FALSE,FALSE,America/Los_Angeles,3,98387 98445,1840018451University Place,University Place,WA,Washington,53053,Pierce,47.2147,-122.5461,33661,1558,shape,FALSE,TRUE,America/Los_Angeles,3,98466 98467,1840021130Lake Stevens,Lake Stevens,WA,Washington,53061,Snohomish,48.0024,-122.0953,33470,1409,shape,FALSE,TRUE,America/Los_Angeles,3,98258,1840019794Walla Walla,Walla Walla,WA,Washington,53071,Walla Walla,46.0671,-118.3368,32951,918,shape,FALSE,TRUE,America/Los_Angeles,3,99362,1840021174Graham,Graham,WA,Washington,53053,Pierce,47.0322,-122.2827,32505,294,shape,FALSE,FALSE,America/Los_Angeles,3,98338,1840017365Des Moines,Des Moines,WA,Washington,53033,King,47.3914,-122.3156,31983,1925,shape,FALSE,TRUE,America/Los_Angeles,3,98148 98198,1840018426SeaTac,SeaTac,WA,Washington,53033,King,47.4444,-122.2986,29102,1116,shape,FALSE,TRUE,America/Los_Angeles,3,98158 98148 98198 98168 98188,1840021116Maple Valley,Maple Valley,WA,Washington,53033,King,47.3659,-122.0368,26739,1719,shape,FALSE,TRUE,America/Los_Angeles,3,98038,1840019828Orchards,Orchards,WA,Washington,53011,Clark,45.689,-122.5306,26289,1896,shape,FALSE,FALSE,America/Los_Angeles,3,98682,1840018519Mercer Island,Mercer Island,WA,Washington,53033,King,47.5661,-122.232,25820,1561,shape,FALSE,TRUE,America/Los_Angeles,3,98040,1840019830Bainbridge Island,Bainbridge Island,WA,Washington,53035,Kitsap,47.6439,-122.5434,24859,347,shape,FALSE,TRUE,America/Los_Angeles,3,98110,1840018409Mill Creek East,Mill Creek East,WA,Washington,53061,Snohomish,47.8361,-122.1877,24643,2138,shape,FALSE,TRUE,America/Los_Angeles,2,98012,1840041996North Lynnwood,North Lynnwood,WA,Washington,53061,Snohomish,47.8533,-122.2762,24084,2973,shape,FALSE,FALSE,America/Los_Angeles,2,98087 98037,1840037895Camas,Camas,WA,Washington,53011,Clark,45.6005,-122.4304,24043,659,shape,FALSE,TRUE,America/Los_Angeles,3,98607,1840018524Moses Lake,Moses Lake,WA,Washington,53025,Grant,47.1279,-119.2759,23442,504,shape,FALSE,TRUE,America/Los_Angeles,3,98837,1840019817Tumwater,Tumwater,WA,Washington,53067,Thurston,46.9891,-122.9175,23390,516,shape,FALSE,TRUE,America/Los_Angeles,3,98501 98512,1840021145Oak Harbor,Oak Harbor,WA,Washington,53029,Island,48.2964,-122.6333,23358,934,shape,FALSE,TRUE,America/Los_Angeles,3,98277,1840019779Cottage Lake,Cottage Lake,WA,Washington,53033,King,47.7466,-122.0755,23239,394,shape,FALSE,FALSE,America/Los_Angeles,3,98072 98077,1840037848Union Hill-Novelty Hill,Union Hill-Novelty Hill,WA,Washington,53033,King,47.6788,-122.0284,23114,368,shape,FALSE,TRUE,America/Los_Angeles,3,98053 98077,1840074663Kenmore,Kenmore,WA,Washington,53033,King,47.7516,-122.2489,22969,1442,shape,FALSE,TRUE,America/Los_Angeles,3,98028,1840018423Eastmont,Eastmont,WA,Washington,53061,Snohomish,47.8968,-122.1818,22829,1723,shape,FALSE,FALSE,America/Los_Angeles,3,98208,1840139116Silver Firs,Silver Firs,WA,Washington,53061,Snohomish,47.8635,-122.1497,22564,1270,shape,FALSE,FALSE,America/Los_Angeles,3,98296 98012 98208,1840037898Frederickson,Frederickson,WA,Washington,53053,Pierce,47.0916,-122.3603,22290,760,shape,FALSE,FALSE,America/Los_Angeles,3,98387 98375 98446,1840037551Martha Lake,Martha Lake,WA,Washington,53061,Snohomish,47.8479,-122.2327,21987,1864,shape,FALSE,FALSE,America/Los_Angeles,3,98087 98037 98012 98208,1840037875Silverdale,Silverdale,WA,Washington,53035,Kitsap,47.6663,-122.6828,21858,668,shape,FALSE,FALSE,America/Los_Angeles,3,98311 98383 98370,1840018406Hazel Dell,Hazel Dell,WA,Washington,53011,Clark,45.6797,-122.6553,21830,1743,shape,FALSE,FALSE,America/Los_Angeles,3,98665,1840037662Mukilteo,Mukilteo,WA,Washington,53061,Snohomish,47.9096,-122.3035,21414,1321,shape,FALSE,TRUE,America/Los_Angeles,3,98275,1840019793Mountlake Terrace,Mountlake Terrace,WA,Washington,53061,Snohomish,47.7921,-122.3077,21328,2030,shape,FALSE,TRUE,America/Los_Angeles,2,98043,1840019792Bonney Lake,Bonney Lake,WA,Washington,53053,Pierce,47.1791,-122.17,21247,998,shape,FALSE,TRUE,America/Los_Angeles,3,98391,1840018454Covington,Covington,WA,Washington,53033,King,47.3667,-122.1045,21131,1375,shape,FALSE,TRUE,America/Los_Angeles,3,98042,1840018425Battle Ground,Battle Ground,WA,Washington,53011,Clark,45.7766,-122.5413,20931,945,shape,FALSE,TRUE,America/Los_Angeles,3,98604,1840018523Mill Creek,Mill Creek,WA,Washington,53061,Snohomish,47.8631,-122.2037,20750,1725,shape,FALSE,TRUE,America/Los_Angeles,3,98012,1840019790Ellensburg,Ellensburg,WA,Washington,53037,Kittitas,46.9999,-120.5475,20679,1036,shape,FALSE,TRUE,America/Los_Angeles,3,98926,1840019841Tukwila,Tukwila,WA,Washington,53033,King,47.475,-122.2728,20265,851,shape,FALSE,TRUE,America/Los_Angeles,3,98108 98178 98168 98188,1840021120Port Angeles,Port Angeles,WA,Washington,53009,Clallam,48.1141,-123.4565,20071,723,shape,FALSE,TRUE,America/Los_Angeles,3,98363 98362,1840019782Arlington,Arlington,WA,Washington,53061,Snohomish,48.1701,-122.1442,19947,784,shape,FALSE,TRUE,America/Los_Angeles,3,98223,1840018378Bothell West,Bothell West,WA,Washington,53061,Snohomish,47.8056,-122.2401,19899,1852,shape,FALSE,TRUE,America/Los_Angeles,3,98021 98036 98012,1840041906Salmon Creek,Salmon Creek,WA,Washington,53011,Clark,45.7099,-122.6632,19506,1186,shape,FALSE,FALSE,America/Los_Angeles,3,98686 98685,1840018520Five Corners,Five Corners,WA,Washington,53011,Clark,45.6883,-122.5738,19415,1287,shape,FALSE,FALSE,America/Los_Angeles,3,98662,1840037869Monroe,Monroe,WA,Washington,53061,Snohomish,47.8595,-121.9851,19403,1228,shape,FALSE,TRUE,America/Los_Angeles,3,98272,1840019791Fairwood,Fairwood,WA,Washington,53033,King,47.4467,-122.143,19400,1579,shape,FALSE,FALSE,America/Los_Angeles,3,98058,1840037517Bryn Mawr-Skyway,Bryn Mawr-Skyway,WA,Washington,53033,King,47.4949,-122.241,17643,2386,shape,FALSE,TRUE,America/Los_Angeles,2,98178,1840037012Centralia,Centralia,WA,Washington,53041,Lewis,46.7223,-122.9696,17473,885,shape,FALSE,TRUE,America/Los_Angeles,3,98531,1840018471Anacortes,Anacortes,WA,Washington,53057,Skagit,48.4878,-122.6292,17231,568,shape,FALSE,TRUE,America/Los_Angeles,3,98221,1840018366Camano,Camano,WA,Washington,53029,Island,48.1865,-122.4708,17073,165,shape,FALSE,FALSE,America/Los_Angeles,3,98282,1840037492Sunnyside,Sunnyside,WA,Washington,53077,Yakima,46.3157,-120.0058,16703,857,shape,FALSE,TRUE,America/Los_Angeles,3,98944,1840021150Aberdeen,Aberdeen,WA,Washington,53027,Grays Harbor,46.9757,-123.8094,16571,588,shape,FALSE,TRUE,America/Los_Angeles,3,98520,1840018446White Center,White Center,WA,Washington,53033,King,47.5086,-122.3479,15995,2718,shape,FALSE,FALSE,America/Los_Angeles,2,98106 98146 98168,1840037727Washougal,Washougal,WA,Washington,53011,Clark,45.5825,-122.3451,15927,1033,shape,FALSE,TRUE,America/Los_Angeles,3,98671,1840021190Elk Plain,Elk Plain,WA,Washington,53053,Pierce,47.0425,-122.3663,15192,699,shape,FALSE,FALSE,America/Los_Angeles,3,98387 98338,1840037546West Richland,West Richland,WA,Washington,53005,Benton,46.3115,-119.3999,14842,259,shape,FALSE,TRUE,America/Los_Angeles,3,99320 99353,1840021168Lynden,Lynden,WA,Washington,53073,Whatcom,48.9502,-122.4545,14700,1044,shape,FALSE,TRUE,America/Los_Angeles,3,98264,1840019752Ferndale,Ferndale,WA,Washington,53073,Whatcom,48.8526,-122.5894,14591,801,shape,FALSE,TRUE,America/Los_Angeles,3,98248,1840019751Lake Stickney,Lake Stickney,WA,Washington,53061,Snohomish,47.8733,-122.2582,14306,2777,shape,FALSE,FALSE,America/Los_Angeles,2,98087 98204,1840037894Port Orchard,Port Orchard,WA,Washington,53035,Kitsap,47.5163,-122.661,14303,572,shape,FALSE,TRUE,America/Los_Angeles,3,98366 98367,1840019821Lakeland North,Lakeland North,WA,Washington,53033,King,47.3374,-122.2812,14042,1670,shape,FALSE,TRUE,America/Los_Angeles,3,98001,1840074254Artondale,Artondale,WA,Washington,53053,Pierce,47.3021,-122.6406,14024,404,shape,FALSE,FALSE,America/Los_Angeles,3,98335,1840037617East Wenatchee,East Wenatchee,WA,Washington,53017,Douglas,47.4174,-120.2822,14012,1427,shape,FALSE,TRUE,America/Los_Angeles,3,98802,1840019795Snoqualmie,Snoqualmie,WA,Washington,53033,King,47.5293,-121.8412,13550,728,shape,FALSE,TRUE,America/Los_Angeles,3,98065,1840021119Lake Forest Park,Lake Forest Park,WA,Washington,53033,King,47.7574,-122.2864,13455,1477,shape,FALSE,TRUE,America/Los_Angeles,3,98155,1840019837Bothell East,Bothell East,WA,Washington,53061,Snohomish,47.8064,-122.1844,13164,2424,shape,FALSE,TRUE,America/Los_Angeles,2,98021 98012,1840041892Fort Lewis,Fort Lewis,WA,Washington,53053,Pierce,47.0955,-122.5674,13045,489,shape,TRUE,TRUE,America/Los_Angeles,3,98433,1840073933Woodinville,Woodinville,WA,Washington,53033,King,47.757,-122.1477,13038,896,shape,FALSE,TRUE,America/Los_Angeles,3,98072,1840021121East Renton Highlands,East Renton Highlands,WA,Washington,53033,King,47.4718,-122.0854,12576,436,shape,FALSE,FALSE,America/Los_Angeles,3,98027 98059 98038,1840037866Lakeland South,Lakeland South,WA,Washington,53033,King,47.2786,-122.2826,12467,982,shape,FALSE,TRUE,America/Los_Angeles,3,98001 98003,1840074270Cheney,Cheney,WA,Washington,53063,Spokane,47.4901,-117.579,12455,1107,shape,FALSE,TRUE,America/Los_Angeles,3,99004,1840018398Kelso,Kelso,WA,Washington,53015,Cowlitz,46.1236,-122.8909,12237,580,shape,FALSE,TRUE,America/Los_Angeles,3,98626 98632,1840018503Lake Tapps,Lake Tapps,WA,Washington,53053,Pierce,47.2307,-122.1695,12129,382,shape,FALSE,TRUE,America/Los_Angeles,3,98391,1840041971Newcastle,Newcastle,WA,Washington,53033,King,47.5304,-122.1633,12078,1048,shape,FALSE,TRUE,America/Los_Angeles,3,98059 98056,1840019831Enumclaw,Enumclaw,WA,Washington,53033,King,47.2018,-121.9897,12062,900,shape,FALSE,TRUE,America/Los_Angeles,3,98022,1840019825Edgewood,Edgewood,WA,Washington,53053,Pierce,47.2309,-122.2832,12010,553,shape,FALSE,TRUE,America/Los_Angeles,3,98371 98372,1840019852Prairie Ridge,Prairie Ridge,WA,Washington,53053,Pierce,47.1438,-122.1408,11980,1096,shape,FALSE,FALSE,America/Los_Angeles,3,98391 98385,1840037882Sedro-Woolley,Sedro-Woolley,WA,Washington,53057,Skagit,48.5112,-122.2321,11919,1068,shape,FALSE,TRUE,America/Los_Angeles,3,98284,1840021066Maltby,Maltby,WA,Washington,53061,Snohomish,47.8027,-122.1044,11845,236,shape,FALSE,FALSE,America/Los_Angeles,3,98021 98296 98072 98077,1840017326Minnehaha,Minnehaha,WA,Washington,53011,Clark,45.6577,-122.6204,11387,1989,shape,FALSE,FALSE,America/Los_Angeles,3,98661,1840018518Lake Morton-Berrydale,Lake Morton-Berrydale,WA,Washington,53033,King,47.3325,-122.1032,11118,348,shape,FALSE,TRUE,America/Los_Angeles,3,98092 98042,1840074253Grandview,Grandview,WA,Washington,53077,Yakima,46.2443,-119.9092,11075,664,shape,FALSE,TRUE,America/Los_Angeles,3,98935 98930,1840019871Poulsbo,Poulsbo,WA,Washington,53035,Kitsap,47.7417,-122.6407,10869,885,shape,FALSE,TRUE,America/Los_Angeles,3,98370,1840019822Shelton,Shelton,WA,Washington,53045,Mason,47.2186,-123.1121,10467,694,shape,FALSE,TRUE,America/Los_Angeles,3,98584,1840021123Vashon,Vashon,WA,Washington,53033,King,47.4122,-122.4726,10400,108,shape,FALSE,FALSE,America/Los_Angeles,3,98070,1840018414Liberty Lake,Liberty Lake,WA,Washington,53063,Spokane,47.6686,-117.1036,10381,641,shape,FALSE,TRUE,America/Los_Angeles,3,99019 99016,1840037678Fife,Fife,WA,Washington,53053,Pierce,47.2329,-122.3518,10345,693,shape,FALSE,TRUE,America/Los_Angeles,3,98424,1840019853Gig Harbor,Gig Harbor,WA,Washington,53053,Pierce,47.3352,-122.5964,10280,672,shape,FALSE,TRUE,America/Los_Angeles,3,98332 98335,1840019855Sumner,Sumner,WA,Washington,53053,Pierce,47.2189,-122.2338,10246,525,shape,FALSE,TRUE,America/Los_Angeles,3,98390,1840021128Snohomish,Snohomish,WA,Washington,53061,Snohomish,47.9276,-122.0969,10141,1111,shape,FALSE,TRUE,America/Los_Angeles,3,98290,1840021078Birch Bay,Birch Bay,WA,Washington,53073,Whatcom,48.9243,-122.7519,9917,223,shape,FALSE,FALSE,America/Los_Angeles,3,98230,1840017289Felida,Felida,WA,Washington,53011,Clark,45.7138,-122.7103,9842,1307,shape,FALSE,FALSE,America/Los_Angeles,3,98685,1840037495Mount Vista,Mount Vista,WA,Washington,53011,Clark,45.7373,-122.6316,9762,720,shape,FALSE,FALSE,America/Los_Angeles,3,98642 98686,1840037858Port Townsend,Port Townsend,WA,Washington,53031,Jefferson,48.122,-122.7877,9710,540,shape,FALSE,TRUE,America/Los_Angeles,3,98368,1840019797Alderwood Manor,Alderwood Manor,WA,Washington,53061,Snohomish,47.8146,-122.2672,9618,1936,shape,FALSE,FALSE,America/Los_Angeles,3,98036,1840017323Picnic Point,Picnic Point,WA,Washington,53061,Snohomish,47.8744,-122.3077,9607,1219,shape,FALSE,FALSE,America/Los_Angeles,3,98026 98087,1840037897Midland,Midland,WA,Washington,53053,Pierce,47.1734,-122.412,9518,1209,shape,FALSE,FALSE,America/Los_Angeles,3,98404 98445,1840018452DuPont,DuPont,WA,Washington,53053,Pierce,47.1079,-122.6495,9514,631,shape,FALSE,TRUE,America/Los_Angeles,3,98327,1840018457College Place,College Place,WA,Washington,53071,Walla Walla,46.0419,-118.3878,9311,1199,shape,FALSE,TRUE,America/Los_Angeles,3,99324 99362,1840018490Yelm,Yelm,WA,Washington,53067,Thurston,46.9398,-122.6262,9262,626,shape,FALSE,TRUE,America/Los_Angeles,3,98576 98597,1840021146Burlington,Burlington,WA,Washington,53057,Skagit,48.4676,-122.3298,9085,819,shape,FALSE,TRUE,America/Los_Angeles,3,98233,1840018367Summit View,Summit View,WA,Washington,53053,Pierce,47.1343,-122.3467,9078,1083,shape,FALSE,TRUE,America/Los_Angeles,3,98375 98373,1840042106Summit,Summit,WA,Washington,53053,Pierce,47.1694,-122.3628,8993,682,shape,FALSE,FALSE,America/Los_Angeles,3,98371 98373 98446,1840018456Terrace Heights,Terrace Heights,WA,Washington,53077,Yakima,46.6045,-120.4393,8917,327,shape,FALSE,FALSE,America/Los_Angeles,3,98901,1840018465Airway Heights,Airway Heights,WA,Washington,53063,Spokane,47.6459,-117.5792,8885,570,shape,FALSE,TRUE,America/Los_Angeles,3,99224 99001,1840018399Toppenish,Toppenish,WA,Washington,53077,Yakima,46.3806,-120.3122,8872,1604,shape,FALSE,TRUE,America/Los_Angeles,3,98948,1840021151Ridgefield,Ridgefield,WA,Washington,53011,Clark,45.8114,-122.7051,8751,460,shape,FALSE,TRUE,America/Los_Angeles,3,98642,1840019909Hoquiam,Hoquiam,WA,Washington,53027,Grays Harbor,46.9863,-123.9022,8570,346,shape,FALSE,TRUE,America/Los_Angeles,3,98550,1840019845Orting,Orting,WA,Washington,53053,Pierce,47.0967,-122.2112,8267,1179,shape,FALSE,TRUE,America/Los_Angeles,3,98360,1840019858Othello,Othello,WA,Washington,53001,Adams,46.8221,-119.1653,8241,795,shape,FALSE,TRUE,America/Los_Angeles,3,99344,1840019862Milton,Milton,WA,Washington,53053,Pierce,47.2524,-122.3153,8211,1140,shape,FALSE,TRUE,America/Los_Angeles,3,98354,1840019857Ephrata,Ephrata,WA,Washington,53025,Grant,47.3122,-119.5341,8081,298,shape,FALSE,TRUE,America/Los_Angeles,3,98823,1840019813Duvall,Duvall,WA,Washington,53033,King,47.7354,-121.9726,7979,1257,shape,FALSE,TRUE,America/Los_Angeles,3,98019,1840018427Selah,Selah,WA,Washington,53077,Yakima,46.6481,-120.539,7957,670,shape,FALSE,TRUE,America/Los_Angeles,3,98942,1840021149Quincy,Quincy,WA,Washington,53025,Grant,47.2344,-119.853,7815,498,shape,FALSE,TRUE,America/Los_Angeles,3,98848,1840019818Waller,Waller,WA,Washington,53053,Pierce,47.2035,-122.37,7672,372,shape,FALSE,FALSE,America/Los_Angeles,3,98371 98443,1840037889Chehalis,Chehalis,WA,Washington,53041,Lewis,46.6638,-122.965,7607,505,shape,FALSE,TRUE,America/Los_Angeles,3,98532,1840018472Lake Shore,Lake Shore,WA,Washington,53011,Clark,45.6911,-122.6911,7581,1790,shape,FALSE,FALSE,America/Los_Angeles,3,98665 98685,1840037873Sequim,Sequim,WA,Washington,53009,Clallam,48.0746,-123.0945,7441,454,shape,FALSE,TRUE,America/Los_Angeles,3,98382,1840021076Clarkston,Clarkston,WA,Washington,53003,Asotin,46.4161,-117.0505,7435,1396,shape,FALSE,TRUE,America/Los_Angeles,3,99403,1840018499Sudden Valley,Sudden Valley,WA,Washington,53073,Whatcom,48.7236,-122.3442,7407,668,shape,FALSE,FALSE,America/Los_Angeles,3,98229,1840037740Barberton,Barberton,WA,Washington,53011,Clark,45.7136,-122.6115,7317,651,shape,FALSE,FALSE,America/Los_Angeles,3,98662 98686,1840017397Stanwood,Stanwood,WA,Washington,53061,Snohomish,48.2449,-122.3426,7228,952,shape,FALSE,TRUE,America/Los_Angeles,3,98292,1840021079Wollochet,Wollochet,WA,Washington,53053,Pierce,47.2828,-122.5768,7193,476,shape,FALSE,FALSE,America/Los_Angeles,3,98335,1840023843North Bend,North Bend,WA,Washington,53033,King,47.49,-121.7741,7161,635,shape,FALSE,TRUE,America/Los_Angeles,3,98045,1840019833Pacific,Pacific,WA,Washington,53033,King,47.261,-122.2507,7122,1136,shape,FALSE,TRUE,America/Los_Angeles,3,98001 98047,1840019834Clarkston Heights-Vineland,Clarkston Heights-Vineland,WA,Washington,53003,Asotin,46.377,-117.092,7062,236,shape,FALSE,TRUE,America/Los_Angeles,3,99403,1840073891Tanglewilde,Tanglewilde,WA,Washington,53067,Thurston,47.0512,-122.7809,7033,1869,shape,FALSE,FALSE,America/Los_Angeles,3,98516 98503,1840037899Hobart,Hobart,WA,Washington,53033,King,47.412,-121.996,7031,144,shape,FALSE,FALSE,America/Los_Angeles,3,98038,1840017344Mead,Mead,WA,Washington,53063,Spokane,47.7795,-117.35,6995,371,shape,FALSE,FALSE,America/Los_Angeles,3,99021,1840023786Brier,Brier,WA,Washington,53061,Snohomish,47.7924,-122.2734,6899,1212,shape,FALSE,TRUE,America/Los_Angeles,3,98036,1840018379Clover Creek,Clover Creek,WA,Washington,53053,Pierce,47.1404,-122.3827,6893,411,shape,FALSE,TRUE,America/Los_Angeles,3,98445 98446,1840041920Fircrest,Fircrest,WA,Washington,53053,Pierce,47.2307,-122.5157,6844,1668,shape,FALSE,TRUE,America/Los_Angeles,3,98466,1840019854Bangor Base,Bangor Base,WA,Washington,53035,Kitsap,47.7226,-122.7144,6825,237,shape,TRUE,TRUE,America/Los_Angeles,3,98315,1840036750Parkwood,Parkwood,WA,Washington,53035,Kitsap,47.5266,-122.5986,6758,999,shape,FALSE,FALSE,America/Los_Angeles,3,98366,1840037518Normandy Park,Normandy Park,WA,Washington,53033,King,47.4342,-122.3436,6643,1031,shape,FALSE,TRUE,America/Los_Angeles,3,98166,1840019832North Fort Lewis,North Fort Lewis,WA,Washington,53053,Pierce,47.1222,-122.5962,6402,419,shape,TRUE,TRUE,America/Los_Angeles,3,98433,1840042007Steilacoom,Steilacoom,WA,Washington,53053,Pierce,47.1703,-122.5933,6366,1222,shape,FALSE,TRUE,America/Los_Angeles,3,98388,1840022309Prosser,Prosser,WA,Washington,53005,Benton,46.2068,-119.7663,6288,521,shape,FALSE,TRUE,America/Los_Angeles,3,99350,1840019890Woodland,Woodland,WA,Washington,53015,Cowlitz,45.9145,-122.7505,6223,584,shape,FALSE,TRUE,America/Los_Angeles,3,98674,1840021181Ocean Shores,Ocean Shores,WA,Washington,53027,Grays Harbor,46.9684,-124.152,6196,280,shape,FALSE,TRUE,America/Los_Angeles,3,98569,1840019849Union Gap,Union Gap,WA,Washington,53077,Yakima,46.5566,-120.4979,6167,426,shape,FALSE,TRUE,America/Los_Angeles,3,98903,1840021152Hockinson,Hockinson,WA,Washington,53011,Clark,45.7302,-122.4833,6159,172,shape,FALSE,FALSE,America/Los_Angeles,3,98606,1840017399Manchester,Manchester,WA,Washington,53035,Kitsap,47.5519,-122.5517,6050,799,shape,FALSE,FALSE,America/Los_Angeles,3,98366,1840017336Otis Orchards-East Farms,Otis Orchards-East Farms,WA,Washington,53063,Spokane,47.703,-117.0854,5968,286,shape,FALSE,TRUE,America/Los_Angeles,3,99025 99027,1840037126Woods Creek,Woods Creek,WA,Washington,53061,Snohomish,47.8822,-121.8981,5922,162,shape,FALSE,FALSE,America/Los_Angeles,3,98272,1840037864Country Homes,Country Homes,WA,Washington,53063,Spokane,47.7479,-117.4199,5877,1358,shape,FALSE,FALSE,America/Los_Angeles,3,99208 99251 99218,1840017334Finley,Finley,WA,Washington,53005,Benton,46.1697,-119.0447,5858,195,shape,FALSE,FALSE,America/Los_Angeles,3,99337,1840017380West Clarkston-Highland,West Clarkston-Highland,WA,Washington,53003,Asotin,46.4017,-117.0624,5791,796,shape,FALSE,TRUE,America/Los_Angeles,3,99403,1840074702Connell,Connell,WA,Washington,53021,Franklin,46.6622,-118.8405,5518,277,shape,FALSE,TRUE,America/Los_Angeles,3,99326,1840018479Tracyton,Tracyton,WA,Washington,53035,Kitsap,47.6094,-122.6533,5494,1106,shape,FALSE,FALSE,America/Los_Angeles,3,98310 98311,1840018408Blaine,Blaine,WA,Washington,53073,Whatcom,48.9839,-122.7414,5427,375,shape,FALSE,TRUE,America/Los_Angeles,3,98230,1840018347Town and Country,Town and Country,WA,Washington,53063,Spokane,47.7259,-117.422,5402,1737,shape,FALSE,FALSE,America/Los_Angeles,3,99208,1840037888Cavalero,Cavalero,WA,Washington,53061,Snohomish,47.9875,-122.0748,5395,1519,shape,FALSE,TRUE,America/Los_Angeles,3,98258,1840041913Sultan,Sultan,WA,Washington,53061,Snohomish,47.871,-121.8043,5330,628,shape,FALSE,TRUE,America/Los_Angeles,3,98294,1840021080Suncrest,Suncrest,WA,Washington,53065,Stevens,47.8297,-117.6056,5263,206,shape,FALSE,FALSE,America/Los_Angeles,3,99026,1840147394Chain Lake,Chain Lake,WA,Washington,53061,Snohomish,47.9028,-121.985,5237,185,shape,FALSE,TRUE,America/Los_Angeles,4,98290 98272,1840041915Maplewood,Maplewood,WA,Washington,53053,Pierce,47.3715,-122.5689,5135,239,shape,FALSE,FALSE,America/Los_Angeles,3,98332,1840037569East Port Orchard,East Port Orchard,WA,Washington,53035,Kitsap,47.5194,-122.6183,5069,1267,shape,FALSE,FALSE,America/Los_Angeles,3,98366,1840037838Mattawa,Mattawa,WA,Washington,53025,Grant,46.737,-119.9043,5040,2110,shape,FALSE,TRUE,America/Los_Angeles,2,99349,1840022292Wapato,Wapato,WA,Washington,53077,Yakima,46.4437,-120.4215,5018,1676,shape,FALSE,TRUE,America/Los_Angeles,3,98951,1840021153Buckley,Buckley,WA,Washington,53053,Pierce,47.1615,-122.02,4960,496,shape,FALSE,TRUE,America/Los_Angeles,3,98321,1840018455Medical Lake,Medical Lake,WA,Washington,53063,Spokane,47.5712,-117.6893,4950,567,shape,FALSE,TRUE,America/Los_Angeles,3,99022,1840019804Rochester,Rochester,WA,Washington,53067,Thurston,46.8198,-123.0636,4854,221,shape,FALSE,FALSE,America/Los_Angeles,3,98579,1840018459Prairie Heights,Prairie Heights,WA,Washington,53053,Pierce,47.1529,-122.1048,4810,496,shape,FALSE,TRUE,America/Los_Angeles,3,98321,1840042027Omak,Omak,WA,Washington,53047,Okanogan,48.4229,-119.5159,4801,480,shape,FALSE,TRUE,America/Los_Angeles,3,98841,1840019761Colville,Colville,WA,Washington,53065,Stevens,48.5454,-117.8985,4786,599,shape,FALSE,TRUE,America/Los_Angeles,3,99114,1840018361Black Diamond,Black Diamond,WA,Washington,53033,King,47.313,-122.0181,4703,277,shape,FALSE,TRUE,America/Los_Angeles,3,98010,1840018418Moses Lake North,Moses Lake North,WA,Washington,53025,Grant,47.1949,-119.3178,4664,313,shape,FALSE,TRUE,America/Los_Angeles,3,98837,1840074436Lake Goodwin,Lake Goodwin,WA,Washington,53061,Snohomish,48.1343,-122.2785,4613,317,shape,FALSE,FALSE,America/Los_Angeles,3,98223 98292 98271,1840037872Longbranch,Longbranch,WA,Washington,53053,Pierce,47.2257,-122.7739,4568,88,shape,FALSE,FALSE,America/Los_Angeles,3,98349 98351,1840023835Belfair,Belfair,WA,Washington,53045,Mason,47.4495,-122.8487,4557,238,shape,FALSE,FALSE,America/Los_Angeles,3,98528,1840025252Wauna,Wauna,WA,Washington,53053,Pierce,47.386,-122.6695,4509,276,shape,FALSE,FALSE,America/Los_Angeles,3,98329,1840023842Esperance,Esperance,WA,Washington,53061,Snohomish,47.7937,-122.3469,4410,2351,shape,FALSE,FALSE,America/Los_Angeles,2,98026,1840037867Rosedale,Rosedale,WA,Washington,53053,Pierce,47.3452,-122.6369,4389,373,shape,FALSE,FALSE,America/Los_Angeles,3,98332,1840023839Longview Heights,Longview Heights,WA,Washington,53015,Cowlitz,46.1794,-122.9568,4388,407,shape,FALSE,FALSE,America/Los_Angeles,3,98632,1840037874Suquamish,Suquamish,WA,Washington,53035,Kitsap,47.7238,-122.583,4327,244,shape,FALSE,FALSE,America/Los_Angeles,3,98392 98370,1840018411Deer Park,Deer Park,WA,Washington,53063,Spokane,47.9642,-117.4398,4209,235,shape,FALSE,TRUE,America/Los_Angeles,3,99006,1840018400Boulevard Park,Boulevard Park,WA,Washington,53033,King,47.5137,-122.316,4197,1379,shape,FALSE,FALSE,America/Los_Angeles,3,98108 98168,1840037519Bethel,Bethel,WA,Washington,53035,Kitsap,47.4874,-122.6175,4182,510,shape,FALSE,FALSE,America/Los_Angeles,3,98367,1840023792Chelan,Chelan,WA,Washington,53007,Chelan,47.8415,-120.0262,4174,240,shape,FALSE,TRUE,America/Los_Angeles,3,98816,1840018369Tehaleh,Tehaleh,WA,Washington,53053,Pierce,47.1165,-122.1824,4152,183,shape,FALSE,FALSE,America/Los_Angeles,4,98391,1840153145Moxee,Moxee,WA,Washington,53077,Yakima,46.564,-120.3966,4111,670,shape,FALSE,TRUE,America/Los_Angeles,3,98936 98901,1840037381Mirrormont,Mirrormont,WA,Washington,53033,King,47.4616,-121.9937,4102,152,shape,FALSE,FALSE,America/Los_Angeles,3,98027 98038,1840037876Montesano,Montesano,WA,Washington,53027,Grays Harbor,47.0102,-123.5857,4002,148,shape,FALSE,TRUE,America/Los_Angeles,3,98563,1840019847Venersborg,Venersborg,WA,Washington,53011,Clark,45.786,-122.4721,3973,141,shape,FALSE,FALSE,America/Los_Angeles,3,98604,1840018521Granite Falls,Granite Falls,WA,Washington,53061,Snohomish,48.0874,-121.9706,3961,697,shape,FALSE,TRUE,America/Los_Angeles,3,98252,1840019787Grand Mound,Grand Mound,WA,Washington,53067,Thurston,46.8018,-123.0118,3957,368,shape,FALSE,FALSE,America/Los_Angeles,3,98579 98531,1840017366Forks,Forks,WA,Washington,53009,Clallam,47.9527,-124.3903,3864,362,shape,FALSE,TRUE,America/Los_Angeles,3,98331,1840019781Hansville,Hansville,WA,Washington,53035,Kitsap,47.8979,-122.5579,3858,140,shape,FALSE,FALSE,America/Los_Angeles,3,98340 98346,1840023796Clearview,Clearview,WA,Washington,53061,Snohomish,47.8292,-122.1451,3847,320,shape,FALSE,FALSE,America/Los_Angeles,3,98296 98072 98012,1840023773Granger,Granger,WA,Washington,53077,Yakima,46.3454,-120.1925,3806,850,shape,FALSE,TRUE,America/Los_Angeles,3,98932,1840019872Lexington,Lexington,WA,Washington,53015,Cowlitz,46.1899,-122.9125,3785,1091,shape,FALSE,FALSE,America/Los_Angeles,3,98626,1840037677Larch Way,Larch Way,WA,Washington,53061,Snohomish,47.8429,-122.2528,3770,1307,shape,FALSE,TRUE,America/Los_Angeles,3,98087 98037,1840041976Sunnyslope,Sunnyslope,WA,Washington,53007,Chelan,47.4913,-120.3493,3761,181,shape,FALSE,FALSE,America/Los_Angeles,3,98801,1840136960North Yelm,North Yelm,WA,Washington,53067,Thurston,46.9648,-122.6027,3738,436,shape,FALSE,FALSE,America/Los_Angeles,3,98597,1840037880Ahtanum,Ahtanum,WA,Washington,53077,Yakima,46.5573,-120.6138,3701,178,shape,FALSE,FALSE,America/Los_Angeles,3,98903 98908,1840017368Key Center,Key Center,WA,Washington,53053,Pierce,47.3376,-122.7506,3631,95,shape,FALSE,FALSE,America/Los_Angeles,3,98349 98329 98394,1840023833Fox Island,Fox Island,WA,Washington,53053,Pierce,47.2477,-122.6256,3613,268,shape,FALSE,FALSE,America/Los_Angeles,3,98333,1840037870Goldendale,Goldendale,WA,Washington,53039,Klickitat,45.8192,-120.8233,3612,471,shape,FALSE,TRUE,America/Los_Angeles,3,98620,1840019911Indianola,Indianola,WA,Washington,53035,Kitsap,47.7564,-122.5158,3564,261,shape,FALSE,FALSE,America/Los_Angeles,3,98342 98346 98370,1840017337Maple Heights-Lake Desire,Maple Heights-Lake Desire,WA,Washington,53033,King,47.4441,-122.0972,3544,336,shape,FALSE,TRUE,America/Los_Angeles,3,98058,1840073925Burbank,Burbank,WA,Washington,53071,Walla Walla,46.2016,-118.9891,3522,174,shape,FALSE,FALSE,America/Los_Angeles,3,99323,1840017383Bunk Foss,Bunk Foss,WA,Washington,53061,Snohomish,47.9618,-122.0944,3488,346,shape,FALSE,TRUE,America/Los_Angeles,3,98258 98290,1840041912Fairchild AFB,Fairchild AFB,WA,Washington,53063,Spokane,47.6187,-117.6484,3464,201,shape,TRUE,TRUE,America/Los_Angeles,3,99011,1840073916Marietta-Alderwood,Marietta-Alderwood,WA,Washington,53073,Whatcom,48.7934,-122.5573,3463,229,shape,FALSE,TRUE,America/Los_Angeles,3,98225 98226,1840073928Central Park,Central Park,WA,Washington,53027,Grays Harbor,46.9705,-123.7018,3442,377,shape,FALSE,FALSE,America/Los_Angeles,3,98520,1840017358Benton City,Benton City,WA,Washington,53005,Benton,46.2622,-119.4812,3422,535,shape,FALSE,TRUE,America/Los_Angeles,3,99320,1840018480Three Lakes,Three Lakes,WA,Washington,53061,Snohomish,47.942,-121.9924,3411,112,shape,FALSE,FALSE,America/Los_Angeles,3,98290,1840018375Clyde Hill,Clyde Hill,WA,Washington,53033,King,47.6304,-122.218,3360,1229,shape,FALSE,TRUE,America/Los_Angeles,3,98004,1840018413Port Angeles East,Port Angeles East,WA,Washington,53009,Clallam,48.1041,-123.3694,3339,341,shape,FALSE,TRUE,America/Los_Angeles,3,98362,1840074570La Center,La Center,WA,Washington,53011,Clark,45.8601,-122.6756,3338,497,shape,FALSE,TRUE,America/Los_Angeles,3,98642 98629,1840019910Lake Holm,Lake Holm,WA,Washington,53033,King,47.2985,-122.1335,3332,153,shape,FALSE,TRUE,America/Los_Angeles,4,98092,1840041966Port Hadlock-Irondale,Port Hadlock-Irondale,WA,Washington,53031,Jefferson,48.0316,-122.789,3329,192,shape,FALSE,TRUE,America/Los_Angeles,4,98325 98368 98339,1840074571Elma,Elma,WA,Washington,53027,Grays Harbor,47.0055,-123.4112,3299,499,shape,FALSE,TRUE,America/Los_Angeles,3,98541,1840019844Medina,Medina,WA,Washington,53033,King,47.6273,-122.2427,3283,883,shape,FALSE,TRUE,America/Los_Angeles,3,98039,1840019829McChord AFB,McChord AFB,WA,Washington,53053,Pierce,47.133,-122.4923,3268,214,shape,TRUE,TRUE,America/Los_Angeles,3,98439 98438,1840073929Cascade Valley,Cascade Valley,WA,Washington,53025,Grant,47.1417,-119.326,3234,336,shape,FALSE,FALSE,America/Los_Angeles,3,98837,1840037865Canyon Creek,Canyon Creek,WA,Washington,53061,Snohomish,48.1157,-121.9832,3218,203,shape,FALSE,TRUE,America/Los_Angeles,3,98223 98252,1840074181Algona,Algona,WA,Washington,53033,King,47.282,-122.2504,3207,958,shape,FALSE,TRUE,America/Los_Angeles,3,98001,1840018415Peaceful Valley,Peaceful Valley,WA,Washington,53073,Whatcom,48.9507,-122.1484,3187,491,shape,FALSE,FALSE,America/Los_Angeles,3,98266,1840037896Chico,Chico,WA,Washington,53035,Kitsap,47.6226,-122.7193,3184,509,shape,FALSE,FALSE,America/Los_Angeles,3,98312 98383,1840037630Meadowdale,Meadowdale,WA,Washington,53061,Snohomish,47.8583,-122.316,3162,1144,shape,FALSE,FALSE,America/Los_Angeles,3,98026,1840023774Cashmere,Cashmere,WA,Washington,53007,Chelan,47.5175,-120.467,3148,1044,shape,FALSE,TRUE,America/Los_Angeles,3,98815,1840018368Zillah,Zillah,WA,Washington,53077,Yakima,46.4084,-120.2727,3137,665,shape,FALSE,TRUE,America/Los_Angeles,3,98953,1840021155Canterwood,Canterwood,WA,Washington,53053,Pierce,47.3765,-122.6021,3070,553,shape,FALSE,FALSE,America/Los_Angeles,3,98332,1840037842High Bridge,High Bridge,WA,Washington,53061,Snohomish,47.7968,-122.0281,3065,169,shape,FALSE,TRUE,America/Los_Angeles,4,98296 98272,1840041937Sisco Heights,Sisco Heights,WA,Washington,53061,Snohomish,48.118,-122.1112,3041,85,shape,FALSE,FALSE,America/Los_Angeles,3,98223,1840037510Eatonville,Eatonville,WA,Washington,53053,Pierce,46.8682,-122.2697,3007,635,shape,FALSE,TRUE,America/Los_Angeles,3,98328,1840021131Gleed,Gleed,WA,Washington,53077,Yakima,46.6594,-120.6025,3006,214,shape,FALSE,FALSE,America/Los_Angeles,3,98937 98908,1840017370Lochsloy,Lochsloy,WA,Washington,53061,Snohomish,48.0598,-122.0411,2991,154,shape,FALSE,FALSE,America/Los_Angeles,3,98258,1840037500Navy Yard City,Navy Yard City,WA,Washington,53035,Kitsap,47.5508,-122.6655,2973,1869,shape,FALSE,FALSE,America/Los_Angeles,3,98312,1840018407Raymond,Raymond,WA,Washington,53049,Pacific,46.6839,-123.738,2970,280,shape,FALSE,TRUE,America/Los_Angeles,3,98577,1840019881Port Ludlow,Port Ludlow,WA,Washington,53031,Jefferson,47.9101,-122.7006,2940,98,shape,FALSE,FALSE,America/Los_Angeles,3,98365,1840018388Warm Beach,Warm Beach,WA,Washington,53061,Snohomish,48.1665,-122.3448,2934,259,shape,FALSE,FALSE,America/Los_Angeles,3,98292,1840018377Castle Rock,Castle Rock,WA,Washington,53015,Cowlitz,46.2708,-122.905,2917,537,shape,FALSE,TRUE,America/Los_Angeles,3,98611,1840018501Colfax,Colfax,WA,Washington,53075,Whitman,46.9029,-117.34,2879,294,shape,FALSE,TRUE,America/Los_Angeles,3,99111,1840018458Lake Cassidy,Lake Cassidy,WA,Washington,53061,Snohomish,48.0639,-122.092,2854,104,shape,FALSE,TRUE,America/Los_Angeles,4,98258 98270,1840041959Kingston,Kingston,WA,Washington,53035,Kitsap,47.7927,-122.5078,2836,519,shape,FALSE,FALSE,America/Los_Angeles,3,98346,1840017338Carson,Carson,WA,Washington,53059,Skamania,45.7354,-121.8219,2800,225,shape,FALSE,FALSE,America/Los_Angeles,3,98610,1840017391Meadow Glade,Meadow Glade,WA,Washington,53011,Clark,45.7524,-122.5615,2774,294,shape,FALSE,FALSE,America/Los_Angeles,3,98604,1840018517Everson,Everson,WA,Washington,53073,Whatcom,48.9125,-122.3507,2773,795,shape,FALSE,TRUE,America/Los_Angeles,3,98247,1840019750Warden,Warden,WA,Washington,53025,Grant,46.9672,-119.0523,2773,364,shape,FALSE,TRUE,America/Los_Angeles,3,98857,1840021103Brush Prairie,Brush Prairie,WA,Washington,53011,Clark,45.725,-122.5483,2721,136,shape,FALSE,FALSE,America/Los_Angeles,3,98606 98662,1840017398Desert Aire,Desert Aire,WA,Washington,53025,Grant,46.6873,-119.931,2716,308,shape,FALSE,FALSE,America/Los_Angeles,3,99349,1840037611Kalama,Kalama,WA,Washington,53015,Cowlitz,46.0164,-122.8402,2708,292,shape,FALSE,TRUE,America/Los_Angeles,3,98625,1840018502Alderton,Alderton,WA,Washington,53053,Pierce,47.1728,-122.2209,2695,181,shape,FALSE,FALSE,America/Los_Angeles,3,98390 98391 98374 98372,1840037523Cle Elum,Cle Elum,WA,Washington,53037,Kittitas,47.1943,-120.9539,2662,228,shape,FALSE,TRUE,America/Los_Angeles,3,98922,1840018440Chewelah,Chewelah,WA,Washington,53065,Stevens,48.293,-117.7336,2645,345,shape,FALSE,TRUE,America/Los_Angeles,3,99109,1840018360Dayton,Dayton,WA,Washington,53013,Columbia,46.3168,-117.9767,2620,702,shape,FALSE,TRUE,America/Los_Angeles,3,99328,1840018486Rainier,Rainier,WA,Washington,53067,Thurston,46.8917,-122.6866,2603,578,shape,FALSE,TRUE,America/Los_Angeles,3,98576,1840021147White Salmon,White Salmon,WA,Washington,53039,Klickitat,45.7283,-121.4853,2601,652,shape,FALSE,TRUE,America/Los_Angeles,3,98672,1840021191Geneva,Geneva,WA,Washington,53073,Whatcom,48.7446,-122.4043,2596,728,shape,FALSE,FALSE,America/Los_Angeles,3,98229,1840017291Okanogan,Okanogan,WA,Washington,53047,Okanogan,48.3673,-119.578,2585,496,shape,FALSE,TRUE,America/Los_Angeles,3,98840,1840019760Fords Prairie,Fords Prairie,WA,Washington,53041,Lewis,46.7459,-123.003,2582,267,shape,FALSE,FALSE,America/Los_Angeles,3,98531,1840017377Bridgeport,Bridgeport,WA,Washington,53017,Douglas,48.0069,-119.6726,2574,926,shape,FALSE,TRUE,America/Los_Angeles,3,98813,1840018387Fobes Hill,Fobes Hill,WA,Washington,53061,Snohomish,47.9392,-122.1341,2564,212,shape,FALSE,FALSE,America/Los_Angeles,3,98290,1840037736Riverbend,Riverbend,WA,Washington,53033,King,47.4653,-121.7493,2521,326,shape,FALSE,FALSE,America/Los_Angeles,3,98045,1840037860Burley,Burley,WA,Washington,53035,Kitsap,47.4166,-122.6377,2515,204,shape,FALSE,FALSE,America/Los_Angeles,3,98359 98367,1840023793Allyn,Allyn,WA,Washington,53045,Mason,47.3863,-122.8386,2504,605,shape,FALSE,FALSE,America/Los_Angeles,3,98524,1840025251Leavenworth,Leavenworth,WA,Washington,53007,Chelan,47.5952,-120.6628,2489,661,shape,FALSE,TRUE,America/Los_Angeles,3,98826,1840019778Arlington Heights,Arlington Heights,WA,Washington,53061,Snohomish,48.2119,-122.063,2463,113,shape,FALSE,FALSE,America/Los_Angeles,3,98223,1840037743Walla Walla East,Walla Walla East,WA,Washington,53071,Walla Walla,46.046,-118.3033,2459,412,shape,FALSE,TRUE,America/Los_Angeles,3,99362,1840074693Friday Harbor,Friday Harbor,WA,Washington,53055,San Juan,48.5324,-123.0657,2406,425,shape,FALSE,TRUE,America/Los_Angeles,3,98250,1840021065Stansberry Lake,Stansberry Lake,WA,Washington,53053,Pierce,47.3814,-122.7153,2389,446,shape,FALSE,TRUE,America/Los_Angeles,3,98329,1840042090Shadow Lake,Shadow Lake,WA,Washington,53033,King,47.4017,-122.0763,2385,177,shape,FALSE,TRUE,America/Los_Angeles,4,98058 98038 98042,1840042051Royal City,Royal City,WA,Washington,53025,Grant,46.9018,-119.6205,2384,790,shape,FALSE,TRUE,America/Los_Angeles,3,99357,1840019816Whidbey Island Station,Whidbey Island Station,WA,Washington,53029,Island,48.3387,-122.6616,2375,139,shape,TRUE,TRUE,America/Los_Angeles,4,98277 98278,1840073897Fall City,Fall City,WA,Washington,53033,King,47.5717,-121.9133,2357,320,shape,FALSE,FALSE,America/Los_Angeles,3,98024,1840017342Brewster,Brewster,WA,Washington,53047,Okanogan,48.1015,-119.7762,2323,778,shape,FALSE,TRUE,America/Los_Angeles,3,98812,1840018359Southworth,Southworth,WA,Washington,53035,Kitsap,47.5125,-122.5298,2300,263,shape,FALSE,FALSE,America/Los_Angeles,3,98366,1840023800Cathcart,Cathcart,WA,Washington,53061,Snohomish,47.8526,-122.1058,2278,227,shape,FALSE,FALSE,America/Los_Angeles,3,98296,1840017324Big Lake,Big Lake,WA,Washington,53057,Skagit,48.389,-122.2435,2251,113,shape,FALSE,FALSE,America/Los_Angeles,3,98274,1840017313Westport,Westport,WA,Washington,53027,Grays Harbor,46.8917,-124.1118,2200,230,shape,FALSE,TRUE,America/Los_Angeles,3,98595,1840021124Mabton,Mabton,WA,Washington,53077,Yakima,46.2116,-119.9938,2192,1004,shape,FALSE,TRUE,America/Los_Angeles,3,98935,1840019873Lewisville,Lewisville,WA,Washington,53011,Clark,45.8128,-122.5143,2166,154,shape,FALSE,FALSE,America/Los_Angeles,3,98604,1840037855Carnation,Carnation,WA,Washington,53033,King,47.6443,-121.904,2165,721,shape,FALSE,TRUE,America/Los_Angeles,3,98014,1840018421Bryant,Bryant,WA,Washington,53061,Snohomish,48.24,-122.1638,2142,134,shape,FALSE,FALSE,America/Los_Angeles,3,98223,1840023772Lofall,Lofall,WA,Washington,53035,Kitsap,47.8114,-122.6563,2119,409,shape,FALSE,FALSE,America/Los_Angeles,3,98370,1840023798McCleary,McCleary,WA,Washington,53027,Grays Harbor,47.0584,-123.2723,2057,387,shape,FALSE,TRUE,America/Los_Angeles,3,98557,1840019846Tieton,Tieton,WA,Washington,53077,Yakima,46.7027,-120.756,2053,917,shape,FALSE,TRUE,America/Los_Angeles,3,98947,1840022319Newport,Newport,WA,Washington,53051,Pend Oreille,48.1781,-117.0546,2010,528,shape,FALSE,TRUE,America/Los_Angeles,3,99156,1840019765Gold Bar,Gold Bar,WA,Washington,53061,Snohomish,47.8563,-121.6921,1995,727,shape,FALSE,TRUE,America/Los_Angeles,3,98251,1840019786Enetai,Enetai,WA,Washington,53035,Kitsap,47.5885,-122.6054,1993,735,shape,FALSE,FALSE,America/Los_Angeles,3,98310,1840023794Fern Prairie,Fern Prairie,WA,Washington,53011,Clark,45.637,-122.3963,1989,153,shape,FALSE,FALSE,America/Los_Angeles,3,98607,1840023890Ocean Park,Ocean Park,WA,Washington,53049,Pacific,46.4961,-124.0443,1980,252,shape,FALSE,FALSE,America/Los_Angeles,3,98640,1840018468North Puyallup,North Puyallup,WA,Washington,53053,Pierce,47.2015,-122.2742,1970,724,shape,FALSE,FALSE,America/Los_Angeles,3,98372,1840037690Cosmopolis,Cosmopolis,WA,Washington,53027,Grays Harbor,46.954,-123.7726,1968,545,shape,FALSE,TRUE,America/Los_Angeles,3,98520 98563 98537,1840018448South Creek,South Creek,WA,Washington,53053,Pierce,46.9994,-122.392,1958,98,shape,FALSE,TRUE,America/Los_Angeles,4,98580 98387 98338,1840042075Fife Heights,Fife Heights,WA,Washington,53053,Pierce,47.2596,-122.346,1919,700,shape,FALSE,FALSE,America/Los_Angeles,3,98422 98424,1840037653Beacon Hill,Beacon Hill,WA,Washington,53015,Cowlitz,46.177,-122.9235,1903,639,shape,FALSE,FALSE,America/Los_Angeles,3,98626 98632,1840120192Wilderness Rim,Wilderness Rim,WA,Washington,53033,King,47.4464,-121.769,1898,1177,shape,FALSE,TRUE,America/Los_Angeles,3,98045,1840042145Freeland,Freeland,WA,Washington,53029,Island,48.0186,-122.5359,1883,187,shape,FALSE,FALSE,America/Los_Angeles,3,98249,1840017317Amboy,Amboy,WA,Washington,53011,Clark,45.9122,-122.4796,1871,72,shape,FALSE,FALSE,America/Los_Angeles,3,98601 98675,1840017396Davenport,Davenport,WA,Washington,53043,Lincoln,47.655,-118.1519,1852,428,shape,FALSE,TRUE,America/Los_Angeles,3,99122,1840018404Coupeville,Coupeville,WA,Washington,53029,Island,48.2172,-122.6775,1850,562,shape,FALSE,TRUE,America/Los_Angeles,3,98239,1840021075Oroville,Oroville,WA,Washington,53047,Okanogan,48.9419,-119.4305,1842,420,shape,FALSE,TRUE,America/Los_Angeles,3,98844,1840019762Ritzville,Ritzville,WA,Washington,53001,Adams,47.1253,-118.3809,1823,402,shape,FALSE,TRUE,America/Los_Angeles,3,99169,1840019861Kitsap Lake,Kitsap Lake,WA,Washington,53035,Kitsap,47.5905,-122.7088,1817,605,shape,FALSE,FALSE,America/Los_Angeles,3,98312,1840037673Garrett,Garrett,WA,Washington,53071,Walla Walla,46.0608,-118.399,1815,268,shape,FALSE,FALSE,America/Los_Angeles,3,99362,1840017384Tenino,Tenino,WA,Washington,53067,Thurston,46.8538,-122.8606,1744,462,shape,FALSE,TRUE,America/Los_Angeles,3,98589,1840021144Millwood,Millwood,WA,Washington,53063,Spokane,47.6856,-117.2806,1742,966,shape,FALSE,TRUE,America/Los_Angeles,3,99206 99212,1840022289Monroe North,Monroe North,WA,Washington,53061,Snohomish,47.8828,-121.9886,1740,282,shape,FALSE,TRUE,America/Los_Angeles,3,98290 98272,1840042006Winlock,Winlock,WA,Washington,53041,Lewis,46.4907,-122.9341,1740,519,shape,FALSE,TRUE,America/Los_Angeles,3,98596,1840021164Yacolt,Yacolt,WA,Washington,53011,Clark,45.8652,-122.4062,1686,1132,shape,FALSE,TRUE,America/Los_Angeles,3,98675,1840022333Home,Home,WA,Washington,53053,Pierce,47.279,-122.7745,1649,100,shape,FALSE,FALSE,America/Los_Angeles,3,98349,1840023831South Bend,South Bend,WA,Washington,53049,Pacific,46.6678,-123.8006,1620,381,shape,FALSE,TRUE,America/Los_Angeles,3,98586 98577,1840021161Nooksack,Nooksack,WA,Washington,53073,Whatcom,48.9276,-122.3186,1594,707,shape,FALSE,TRUE,America/Los_Angeles,3,98247 98276,1840019753Kettle Falls,Kettle Falls,WA,Washington,53065,Stevens,48.6055,-118.062,1594,568,shape,FALSE,TRUE,America/Los_Angeles,3,99141,1840019764West Pasco,West Pasco,WA,Washington,53021,Franklin,46.2498,-119.1687,1592,372,shape,FALSE,FALSE,America/Los_Angeles,3,99301,1840037891Long Beach,Long Beach,WA,Washington,53049,Pacific,46.3558,-124.0556,1576,441,shape,FALSE,TRUE,America/Los_Angeles,3,98631,1840019880Soap Lake,Soap Lake,WA,Washington,53025,Grant,47.3914,-119.4893,1572,394,shape,FALSE,TRUE,America/Los_Angeles,3,98851,1840021102Napavine,Napavine,WA,Washington,53041,Lewis,46.5843,-122.9007,1571,209,shape,FALSE,TRUE,America/Los_Angeles,3,98565 98532,1840019884Anderson Island,Anderson Island,WA,Washington,53053,Pierce,47.1578,-122.7039,1571,76,shape,FALSE,TRUE,America/Los_Angeles,4,98303,1840041888Purdy,Purdy,WA,Washington,53053,Pierce,47.3934,-122.6117,1531,245,shape,FALSE,FALSE,America/Los_Angeles,3,98332,1840023838Kayak Point,Kayak Point,WA,Washington,53061,Snohomish,48.1387,-122.3342,1500,105,shape,FALSE,TRUE,America/Los_Angeles,4,98292,1840041938Waterville,Waterville,WA,Washington,53017,Douglas,47.648,-120.0707,1435,640,shape,FALSE,TRUE,America/Los_Angeles,3,98858,1840022287Manson,Manson,WA,Washington,53007,Chelan,47.8816,-120.162,1433,441,shape,FALSE,FALSE,America/Los_Angeles,3,98831,1840025246Ilwaco,Ilwaco,WA,Washington,53049,Pacific,46.31,-124.0417,1431,267,shape,FALSE,TRUE,America/Los_Angeles,3,98624,1840018470Rocky Point,Rocky Point,WA,Washington,53035,Kitsap,47.5886,-122.6673,1418,768,shape,FALSE,FALSE,America/Los_Angeles,3,98312,1840037507Stevenson,Stevenson,WA,Washington,53059,Skamania,45.6927,-121.8949,1414,283,shape,FALSE,TRUE,America/Los_Angeles,3,98648,1840021180Sumas,Sumas,WA,Washington,53073,Whatcom,48.9955,-122.2694,1405,369,shape,FALSE,TRUE,America/Los_Angeles,3,98295,1840021045Dallesport,Dallesport,WA,Washington,53039,Klickitat,45.6316,-121.1749,1357,77,shape,FALSE,FALSE,America/Los_Angeles,3,98617 98635,1840018525Coulee Dam,Coulee Dam,WA,Washington,53047,Okanogan,47.9689,-118.9759,1355,730,shape,FALSE,TRUE,America/Los_Angeles,3,99116,1840022270Yarrow Point,Yarrow Point,WA,Washington,53033,King,47.6492,-122.2191,1353,1191.5,shape,FALSE,TRUE,America/Los_Angeles,3,98004,1840022300South Wenatchee,South Wenatchee,WA,Washington,53007,Chelan,47.3885,-120.2829,1351,446,shape,FALSE,TRUE,America/Los_Angeles,3,98801,1840037106Lake Marcel-Stillwater,Lake Marcel-Stillwater,WA,Washington,53033,King,47.6926,-121.9151,1346,406,shape,FALSE,TRUE,America/Los_Angeles,3,98014,1840074241Kittitas,Kittitas,WA,Washington,53037,Kittitas,46.9837,-120.4189,1342,663,shape,FALSE,TRUE,America/Los_Angeles,3,98934 98926,1840019843Ruston,Ruston,WA,Washington,53053,Pierce,47.2982,-122.5103,1329,864.5,shape,FALSE,TRUE,America/Los_Angeles,3,98407,1840021132Crocker,Crocker,WA,Washington,53053,Pierce,47.0843,-122.1226,1322,71,shape,FALSE,TRUE,America/Los_Angeles,4,98360,1840041924Ames Lake,Ames Lake,WA,Washington,53033,King,47.6346,-121.9664,1317,317,shape,FALSE,FALSE,America/Los_Angeles,3,98014 98053,1840037846Lake Ketchum,Lake Ketchum,WA,Washington,53061,Snohomish,48.2823,-122.3423,1278,158,shape,FALSE,FALSE,America/Los_Angeles,3,98292,1840037852Pomeroy,Pomeroy,WA,Washington,53023,Garfield,46.4738,-117.5964,1276,277,shape,FALSE,TRUE,America/Los_Angeles,3,99347,1840019891Grand Coulee,Grand Coulee,WA,Washington,53025,Grant,47.9392,-119.0029,1257,386,shape,FALSE,TRUE,America/Los_Angeles,3,99116 99133,1840019815Duluth,Duluth,WA,Washington,53011,Clark,45.7838,-122.647,1249,80,shape,FALSE,FALSE,America/Los_Angeles,3,98642,1840140854Rock Island,Rock Island,WA,Washington,53017,Douglas,47.3733,-120.142,1240,424,shape,FALSE,TRUE,America/Los_Angeles,3,98850,1840019796McMillin,McMillin,WA,Washington,53053,Pierce,47.1286,-122.2374,1236,286,shape,FALSE,FALSE,America/Los_Angeles,3,98374 98360,1840023837Twisp,Twisp,WA,Washington,53047,Okanogan,48.3619,-120.1171,1235,407,shape,FALSE,TRUE,America/Los_Angeles,3,98856,1840022271Puget Island,Puget Island,WA,Washington,53069,Wahkiakum,46.1743,-123.383,1227,62,shape,FALSE,TRUE,America/Los_Angeles,4,98612,1840042033Langley,Langley,WA,Washington,53029,Island,48.0337,-122.4084,1201,460,shape,FALSE,TRUE,America/Los_Angeles,3,98260,1840019780Darrington,Darrington,WA,Washington,53061,Snohomish,48.2546,-121.6031,1194,266,shape,FALSE,TRUE,America/Los_Angeles,3,98241,1840021081Swede Heaven,Swede Heaven,WA,Washington,53061,Snohomish,48.2829,-121.7136,1181,63,shape,FALSE,FALSE,America/Los_Angeles,3,98223,1840037821Waitsburg,Waitsburg,WA,Washington,53071,Walla Walla,46.2698,-118.1509,1177,390,shape,FALSE,TRUE,America/Los_Angeles,3,99361,1840021173Basin City,Basin City,WA,Washington,53021,Franklin,46.589,-119.1566,1173,141,shape,FALSE,FALSE,America/Los_Angeles,3,99343,1840017379Asotin,Asotin,WA,Washington,53003,Asotin,46.3366,-117.0414,1168,394,shape,FALSE,TRUE,America/Los_Angeles,3,99402,1840018500Republic,Republic,WA,Washington,53019,Ferry,48.6483,-118.7333,1144,311,shape,FALSE,TRUE,America/Los_Angeles,3,99166,1840019766Tonasket,Tonasket,WA,Washington,53047,Okanogan,48.7075,-119.4409,1131,462,shape,FALSE,TRUE,America/Los_Angeles,3,98855,1840021057Clinton,Clinton,WA,Washington,53029,Island,47.9731,-122.3577,1123,428,shape,FALSE,FALSE,America/Los_Angeles,3,98236,1840037632Machias,Machias,WA,Washington,53061,Snohomish,47.9918,-122.0517,1117,174,shape,FALSE,FALSE,America/Los_Angeles,3,98258 98290,1840017325Morton,Morton,WA,Washington,53041,Lewis,46.5575,-122.2815,1111,522,shape,FALSE,TRUE,America/Los_Angeles,3,98356,1840019882Neah Bay,Neah Bay,WA,Washington,53009,Clallam,48.3612,-124.6115,1102,181,shape,FALSE,FALSE,America/Los_Angeles,3,98357,1840023937Point Roberts,Point Roberts,WA,Washington,53073,Whatcom,48.9882,-123.0577,1100,86,shape,FALSE,FALSE,America/Los_Angeles,3,98281,1840025234Woodway,Woodway,WA,Washington,53061,Snohomish,47.7904,-122.3851,1077,356,shape,FALSE,TRUE,America/Los_Angeles,3,98020,1840037730Lake Bosworth,Lake Bosworth,WA,Washington,53061,Snohomish,48.0553,-121.9811,1071,104,shape,FALSE,FALSE,America/Los_Angeles,3,98290 98252,1840037850Clear Lake,Clear Lake,WA,Washington,53053,Pierce,46.931,-122.2841,1065,48,shape,FALSE,TRUE,America/Los_Angeles,4,98328,1840149164Vaughn,Vaughn,WA,Washington,53053,Pierce,47.355,-122.7773,1052,173,shape,FALSE,FALSE,America/Los_Angeles,3,98329 98394,1840023841Lakeview,Lakeview,WA,Washington,53025,Grant,47.3755,-119.5044,1013,347,shape,FALSE,FALSE,America/Los_Angeles,3,98851,1840136062Dash Point,Dash Point,WA,Washington,53053,Pierce,47.313,-122.4154,1008,613,shape,FALSE,FALSE,America/Los_Angeles,3,98422,1840037637North Bonneville,North Bonneville,WA,Washington,53059,Skamania,45.6425,-121.9688,995,152,shape,FALSE,TRUE,America/Los_Angeles,3,98648 98639,1840019903Entiat,Entiat,WA,Washington,53007,Chelan,47.678,-120.2175,975,172,shape,FALSE,TRUE,America/Los_Angeles,3,98822,1840019777La Conner,La Conner,WA,Washington,53057,Skagit,48.3926,-122.4945,974,944,shape,FALSE,TRUE,America/Los_Angeles,3,98257,1840021068Palouse,Palouse,WA,Washington,53075,Whitman,46.9104,-117.0751,969,357,shape,FALSE,TRUE,America/Los_Angeles,3,99161,1840019863Browns Point,Browns Point,WA,Washington,53053,Pierce,47.3036,-122.4369,961,912,shape,FALSE,FALSE,America/Los_Angeles,3,98422,1840037624Sunday Lake,Sunday Lake,WA,Washington,53061,Snohomish,48.2265,-122.2537,947,109,shape,FALSE,TRUE,America/Los_Angeles,4,98292,1840042107Odessa,Odessa,WA,Washington,53043,Lincoln,47.3326,-118.6894,946,449,shape,FALSE,TRUE,America/Los_Angeles,3,99159,1840022295Electric City,Electric City,WA,Washington,53025,Grant,47.9218,-119.0475,944,183,shape,FALSE,TRUE,America/Los_Angeles,3,99123,1840021104Marrowstone,Marrowstone,WA,Washington,53031,Jefferson,48.057,-122.6938,943,57,shape,FALSE,FALSE,America/Los_Angeles,3,98358,1840037856Lake Roesiger,Lake Roesiger,WA,Washington,53061,Snohomish,47.9837,-121.9128,930,92,shape,FALSE,FALSE,America/Los_Angeles,3,98290,1840037853Concrete,Concrete,WA,Washington,53057,Skagit,48.537,-121.751,915,301,shape,FALSE,TRUE,America/Los_Angeles,3,98237,1840022283Brinnon,Brinnon,WA,Washington,53031,Jefferson,47.6689,-122.9248,889,35,shape,FALSE,FALSE,America/Los_Angeles,3,98320,1840017329Kendall,Kendall,WA,Washington,53073,Whatcom,48.9156,-122.1336,884,124,shape,FALSE,FALSE,America/Los_Angeles,3,98244 98266,1840017293Carlsborg,Carlsborg,WA,Washington,53009,Clallam,48.0842,-123.1697,881,321,shape,FALSE,FALSE,America/Los_Angeles,3,98382,1840017319Seabeck,Seabeck,WA,Washington,53035,Kitsap,47.6436,-122.8222,854,99,shape,FALSE,FALSE,America/Los_Angeles,3,98380,1840023799Buena,Buena,WA,Washington,53077,Yakima,46.4277,-120.3183,845,375,shape,FALSE,FALSE,America/Los_Angeles,3,98921 98953,1840023850George,George,WA,Washington,53025,Grant,47.0846,-119.86,823,230,shape,FALSE,TRUE,America/Los_Angeles,3,98848 98824,1840019814Roy,Roy,WA,Washington,53053,Pierce,46.997,-122.5423,814,650,shape,FALSE,TRUE,America/Los_Angeles,3,98580,1840019856Ravensdale,Ravensdale,WA,Washington,53033,King,47.3589,-121.9781,814,253,shape,FALSE,FALSE,America/Los_Angeles,3,98051,1840018412Brady,Brady,WA,Washington,53027,Grays Harbor,47.0064,-123.5321,813,51,shape,FALSE,FALSE,America/Los_Angeles,3,98563,1840017357Grayland,Grayland,WA,Washington,53027,Grays Harbor,46.8304,-124.0898,806,45,shape,FALSE,FALSE,America/Los_Angeles,3,98547,1840017360South Cle Elum,South Cle Elum,WA,Washington,53037,Kittitas,47.1862,-120.9526,799,767,shape,FALSE,TRUE,America/Los_Angeles,3,98943 98922,1840022304White Swan,White Swan,WA,Washington,53077,Yakima,46.377,-120.7382,793,114,shape,FALSE,FALSE,America/Los_Angeles,3,98952,1840018464Port Gamble Tribal Community,Port Gamble Tribal Community,WA,Washington,53035,Kitsap,47.8488,-122.5571,783,71,shape,FALSE,TRUE,America/Los_Angeles,4,98346,1840042014Tekoa,Tekoa,WA,Washington,53075,Whitman,47.2248,-117.0731,776,244,shape,FALSE,TRUE,America/Los_Angeles,3,99033,1840021135Trout Lake,Trout Lake,WA,Washington,53039,Klickitat,45.9976,-121.529,771,42,shape,FALSE,FALSE,America/Los_Angeles,3,98650,1840024000Startup,Startup,WA,Washington,53061,Snohomish,47.8673,-121.7501,771,69,shape,FALSE,FALSE,America/Los_Angeles,3,98294,1840018380Erlands Point,Erlands Point,WA,Washington,53035,Kitsap,47.6038,-122.694,768,628,shape,FALSE,FALSE,America/Los_Angeles,3,98312,1840037651Wilbur,Wilbur,WA,Washington,53043,Lincoln,47.7581,-118.7117,767,224,shape,FALSE,TRUE,America/Los_Angeles,3,99185,1840022296Bell Hill,Bell Hill,WA,Washington,53009,Clallam,48.055,-123.0869,762,110,shape,FALSE,FALSE,America/Los_Angeles,3,98382,1840037847May Creek,May Creek,WA,Washington,53061,Snohomish,47.8555,-121.6745,759,461,shape,FALSE,FALSE,America/Los_Angeles,3,98251,1840037857Riverpoint,Riverpoint,WA,Washington,53033,King,47.4842,-121.7151,742,225,shape,FALSE,FALSE,America/Los_Angeles,3,98045,1840148255Clallam Bay,Clallam Bay,WA,Washington,53009,Clallam,48.2534,-124.2579,737,503,shape,FALSE,FALSE,America/Los_Angeles,3,98326,1840025247Malott,Malott,WA,Washington,53047,Okanogan,48.2918,-119.6955,736,154,shape,FALSE,FALSE,America/Los_Angeles,3,98840 98829,1840025236Pateros,Pateros,WA,Washington,53047,Okanogan,48.0536,-119.8995,718,549,shape,FALSE,TRUE,America/Los_Angeles,3,98846,1840019763River Road,River Road,WA,Washington,53009,Clallam,48.0677,-123.1276,718,530.9,shape,FALSE,FALSE,America/Los_Angeles,3,98382,1840037861Mesa,Mesa,WA,Washington,53021,Franklin,46.5735,-119.0013,713,166,shape,FALSE,TRUE,America/Los_Angeles,3,99343,1840019887Grapeview,Grapeview,WA,Washington,53045,Mason,47.3316,-122.8413,703,73,shape,FALSE,FALSE,America/Los_Angeles,3,98524 98546,1840037554Vader,Vader,WA,Washington,53041,Lewis,46.4046,-122.9569,696,289,shape,FALSE,TRUE,America/Los_Angeles,3,98593 98596,1840021163Loon Lake,Loon Lake,WA,Washington,53065,Stevens,48.0661,-117.6288,689,81,shape,FALSE,FALSE,America/Los_Angeles,3,99148,1840023998Carbonado,Carbonado,WA,Washington,53053,Pierce,47.0806,-122.0536,683,633,shape,FALSE,TRUE,America/Los_Angeles,3,98323,1840022307Albion,Albion,WA,Washington,53075,Whitman,46.7916,-117.2511,677,666,shape,FALSE,TRUE,America/Los_Angeles,3,99163 99102,1840021136Schwana,Schwana,WA,Washington,53025,Grant,46.8214,-119.9232,669,235.3,shape,FALSE,FALSE,America/Los_Angeles,3,99321,1840120325Mossyrock,Mossyrock,WA,Washington,53041,Lewis,46.5305,-122.4887,666,373,shape,FALSE,TRUE,America/Los_Angeles,3,98564,1840019883Bay View,Bay View,WA,Washington,53057,Skagit,48.487,-122.4628,666,99,shape,FALSE,FALSE,America/Los_Angeles,3,98273,1840037745Quilcene,Quilcene,WA,Washington,53031,Jefferson,47.8369,-122.9058,664,29,shape,FALSE,FALSE,America/Los_Angeles,3,98376,1840018389Cowiche,Cowiche,WA,Washington,53077,Yakima,46.6719,-120.712,662,307,shape,FALSE,FALSE,America/Los_Angeles,3,98923,1840023852Taholah,Taholah,WA,Washington,53027,Grays Harbor,47.3283,-124.2728,657,73,shape,FALSE,FALSE,America/Los_Angeles,3,98587,1840018447Naches,Naches,WA,Washington,53077,Yakima,46.7258,-120.6909,650,288,shape,FALSE,TRUE,America/Los_Angeles,3,98937,1840022318Rosalia,Rosalia,WA,Washington,53075,Whitman,47.2363,-117.3764,648,398,shape,FALSE,TRUE,America/Los_Angeles,3,99170,1840021138Oakville,Oakville,WA,Washington,53027,Grays Harbor,46.8403,-123.2337,647,452,shape,FALSE,TRUE,America/Los_Angeles,3,98568,1840019848Cherry Grove,Cherry Grove,WA,Washington,53011,Clark,45.8022,-122.5767,642,106,shape,FALSE,FALSE,America/Los_Angeles,3,98604,1840037538Pe Ell,Pe Ell,WA,Washington,53041,Lewis,46.5713,-123.2982,639,417,shape,FALSE,TRUE,America/Los_Angeles,3,98572,1840022321Satsop,Satsop,WA,Washington,53027,Grays Harbor,47.0223,-123.4737,638,35,shape,FALSE,FALSE,America/Los_Angeles,3,98583 98541,1840018445Skokomish,Skokomish,WA,Washington,53045,Mason,47.3298,-123.1573,635,36,shape,FALSE,FALSE,America/Los_Angeles,3,98584,1840018433Harrah,Harrah,WA,Washington,53077,Yakima,46.4061,-120.541,626,496.7,shape,FALSE,TRUE,America/Los_Angeles,3,98933,1840021156McKenna,McKenna,WA,Washington,53053,Pierce,46.9365,-122.5501,623,221,shape,FALSE,FALSE,America/Los_Angeles,3,98580 98558,1840023836Roche Harbor,Roche Harbor,WA,Washington,53055,San Juan,48.6079,-123.1347,615,59,shape,FALSE,FALSE,America/Los_Angeles,3,98250,1840120741St. John,St. John,WA,Washington,53075,Whitman,47.0915,-117.5887,612,352,shape,FALSE,TRUE,America/Los_Angeles,3,99171,1840021139Bucoda,Bucoda,WA,Washington,53067,Thurston,46.7968,-122.868,608,403,shape,FALSE,TRUE,America/Los_Angeles,3,98530 98531,1840021143Roslyn,Roslyn,WA,Washington,53037,Kittitas,47.2511,-121.099,608,53,shape,FALSE,TRUE,America/Los_Angeles,3,98941 98925,1840019842Cathlamet,Cathlamet,WA,Washington,53069,Wahkiakum,46.2056,-123.3835,605,461,shape,FALSE,TRUE,America/Los_Angeles,3,98612,1840022327Nisqually Indian Community,Nisqually Indian Community,WA,Washington,53067,Thurston,47.0164,-122.6725,591,74,shape,FALSE,TRUE,America/Los_Angeles,4,98513,1840074509Garfield,Garfield,WA,Washington,53075,Whitman,47.0103,-117.1395,586,240,shape,FALSE,TRUE,America/Los_Angeles,3,99130,1840021141Naselle,Naselle,WA,Washington,53049,Pacific,46.365,-123.8013,585,99,shape,FALSE,FALSE,America/Los_Angeles,3,98638,1840018467Coulee City,Coulee City,WA,Washington,53025,Grant,47.6122,-119.2895,579,241,shape,FALSE,TRUE,America/Los_Angeles,3,99115,1840022293Curlew Lake,Curlew Lake,WA,Washington,53019,Ferry,48.7311,-118.6663,579,51,shape,FALSE,TRUE,America/Los_Angeles,4,99166,1840043278Bingen,Bingen,WA,Washington,53039,Klickitat,45.7139,-121.4704,577,357,shape,FALSE,TRUE,America/Los_Angeles,3,98605,1840018529Verlot,Verlot,WA,Washington,53061,Snohomish,48.1003,-121.7679,562,19,shape,FALSE,FALSE,America/Los_Angeles,3,98252,1840018376Wishram,Wishram,WA,Washington,53039,Klickitat,45.6613,-120.9714,537,125,shape,FALSE,FALSE,America/Los_Angeles,3,98673,1840018528Toledo,Toledo,WA,Washington,53041,Lewis,46.4415,-122.8497,532,521,shape,FALSE,TRUE,America/Los_Angeles,3,98591,1840021162Cohassett Beach,Cohassett Beach,WA,Washington,53027,Grays Harbor,46.8656,-124.1054,516,153,shape,FALSE,FALSE,America/Los_Angeles,3,98595,1840017355Four Lakes,Four Lakes,WA,Washington,53063,Spokane,47.5576,-117.5818,515,64,shape,FALSE,FALSE,America/Los_Angeles,3,99014 99004,1840023784Copalis Beach,Copalis Beach,WA,Washington,53027,Grays Harbor,47.1205,-124.1721,515,54,shape,FALSE,FALSE,America/Los_Angeles,3,98535 98536,1840017356East Cathlamet,East Cathlamet,WA,Washington,53069,Wahkiakum,46.1956,-123.3588,512,115,shape,FALSE,FALSE,America/Los_Angeles,3,98612,1840037849Sprague,Sprague,WA,Washington,53043,Lincoln,47.3048,-117.9714,511,187,shape,FALSE,TRUE,America/Los_Angeles,3,99032,1840021107Lind,Lind,WA,Washington,53001,Adams,46.9705,-118.6165,509,177,shape,FALSE,TRUE,America/Los_Angeles,3,99341,1840021134Wilkeson,Wilkeson,WA,Washington,53053,Pierce,47.1033,-122.0494,504,417,shape,FALSE,TRUE,America/Los_Angeles,3,98396,1840022310Ashford,Ashford,WA,Washington,53053,Pierce,46.7551,-122.0143,489,76,shape,FALSE,FALSE,America/Los_Angeles,3,98304,1840017363Fairfield,Fairfield,WA,Washington,53063,Spokane,47.3848,-117.1748,485,304,shape,FALSE,TRUE,America/Los_Angeles,3,99012,1840021096Lake McMurray,Lake McMurray,WA,Washington,53057,Skagit,48.3178,-122.232,478,133,shape,FALSE,FALSE,America/Los_Angeles,3,98274,1840037893Springdale,Springdale,WA,Washington,53065,Stevens,48.0572,-117.7466,477,162,shape,FALSE,TRUE,America/Los_Angeles,3,99173,1840022275Lower Elochoman,Lower Elochoman,WA,Washington,53069,Wahkiakum,46.2184,-123.3697,475,121,shape,FALSE,TRUE,America/Los_Angeles,4,98612,1840041981Reardan,Reardan,WA,Washington,53043,Lincoln,47.6698,-117.878,471,366,shape,FALSE,TRUE,America/Los_Angeles,3,99029,1840021110Hatton,Hatton,WA,Washington,53001,Adams,46.7735,-118.8277,453,136,shape,FALSE,TRUE,America/Los_Angeles,3,99326 99344,1840021133Bow,Bow,WA,Washington,53057,Skagit,48.5613,-122.4077,447,147,shape,FALSE,FALSE,America/Los_Angeles,3,98232,1840037749Marine View,Marine View,WA,Washington,53025,Grant,46.9637,-119.3508,435,187,shape,FALSE,FALSE,America/Los_Angeles,3,99344,1840148426Ione,Ione,WA,Washington,53051,Pend Oreille,48.74,-117.4215,432,315,shape,FALSE,TRUE,America/Los_Angeles,3,99139,1840021061Onalaska,Onalaska,WA,Washington,53041,Lewis,46.5782,-122.7114,431,103,shape,FALSE,FALSE,America/Los_Angeles,3,98570 98532,1840025264Rockford,Rockford,WA,Washington,53063,Spokane,47.4515,-117.1307,418,242,shape,FALSE,TRUE,America/Los_Angeles,3,99030,1840021095Raft Island,Raft Island,WA,Washington,53053,Pierce,47.329,-122.6687,416,716.2,shape,FALSE,TRUE,America/Los_Angeles,3,98335,1840042039Oakesdale,Oakesdale,WA,Washington,53075,Whitman,47.1305,-117.2464,412,152,shape,FALSE,TRUE,America/Los_Angeles,3,99158,1840022314North Omak,North Omak,WA,Washington,53047,Okanogan,48.444,-119.4459,410,14,shape,FALSE,FALSE,America/Los_Angeles,3,98841,1840037879Ryderwood,Ryderwood,WA,Washington,53015,Cowlitz,46.375,-123.0441,401,323.6,shape,FALSE,FALSE,America/Los_Angeles,3,98581,1840025275Riverside,Riverside,WA,Washington,53047,Okanogan,48.5048,-119.51,396,172,shape,FALSE,TRUE,America/Los_Angeles,3,98849,1840021059Beaux Arts Village,Beaux Arts Village,WA,Washington,53033,King,47.5853,-122.205,396,1787,shape,FALSE,TRUE,America/Los_Angeles,3,98004,1840019838Snoqualmie Pass,Snoqualmie Pass,WA,Washington,53037,Kittitas,47.4014,-121.411,395,52,shape,FALSE,FALSE,America/Los_Angeles,3,98068,1840037862LaCrosse,LaCrosse,WA,Washington,53075,Whitman,46.8013,-117.9025,384,173,shape,FALSE,TRUE,America/Los_Angeles,3,99143,1840037498Harrington,Harrington,WA,Washington,53043,Lincoln,47.4803,-118.2554,381,377,shape,FALSE,TRUE,America/Los_Angeles,3,99134,1840019819Colton,Colton,WA,Washington,53075,Whitman,46.5675,-117.1284,372,232,shape,FALSE,TRUE,America/Los_Angeles,3,99113,1840022315Green Bluff,Green Bluff,WA,Washington,53063,Spokane,47.8184,-117.2748,366,19,shape,FALSE,FALSE,America/Los_Angeles,3,99021 99005,1840023785Clayton,Clayton,WA,Washington,53065,Stevens,48.0012,-117.561,361,108,shape,FALSE,FALSE,America/Los_Angeles,3,99110,1840025239Touchet,Touchet,WA,Washington,53071,Walla Walla,46.0411,-118.6724,357,113,shape,FALSE,FALSE,America/Los_Angeles,3,99360,1840018488Hunts Point,Hunts Point,WA,Washington,53033,King,47.647,-122.2306,347,566.5,shape,FALSE,TRUE,America/Los_Angeles,3,98004 98039,1840021122Malone,Malone,WA,Washington,53027,Grays Harbor,46.9779,-123.3035,341,14,shape,FALSE,FALSE,America/Los_Angeles,3,98559 98541,1840026097Winthrop,Winthrop,WA,Washington,53047,Okanogan,48.4715,-120.1792,340,140,shape,FALSE,TRUE,America/Los_Angeles,3,98862,1840022272Keyport,Keyport,WA,Washington,53035,Kitsap,47.6999,-122.624,339,261,shape,FALSE,FALSE,America/Los_Angeles,3,98345,1840023797Endicott,Endicott,WA,Washington,53075,Whitman,46.9282,-117.6867,337,116.7,shape,FALSE,TRUE,America/Los_Angeles,3,99125,1840021137Union,Union,WA,Washington,53045,Mason,47.3475,-123.0951,327,77,shape,FALSE,FALSE,America/Los_Angeles,3,98592,1840025253Prescott,Prescott,WA,Washington,53071,Walla Walla,46.2988,-118.3126,326,315,shape,FALSE,TRUE,America/Los_Angeles,3,99348,1840021175Inchelium,Inchelium,WA,Washington,53019,Ferry,48.3379,-118.2372,325,4,shape,FALSE,FALSE,America/Los_Angeles,3,99138,1840017307Jamestown,Jamestown,WA,Washington,53009,Clallam,48.1229,-123.0911,322,213,shape,FALSE,FALSE,America/Los_Angeles,3,98382,1840037668Rosburg,Rosburg,WA,Washington,53069,Wahkiakum,46.3076,-123.6345,320,5,shape,FALSE,FALSE,America/Los_Angeles,3,98643,1840023878Neilton,Neilton,WA,Washington,53027,Grays Harbor,47.4031,-123.8782,317,12,shape,FALSE,FALSE,America/Los_Angeles,3,98552 98566,1840018443Hamilton,Hamilton,WA,Washington,53057,Skagit,48.5283,-121.9839,311,100,shape,FALSE,TRUE,America/Los_Angeles,3,98255 98284,1840021067Grays River,Grays River,WA,Washington,53069,Wahkiakum,46.3608,-123.589,309,5,shape,FALSE,FALSE,America/Los_Angeles,3,98621,1840023877Eschbach,Eschbach,WA,Washington,53077,Yakima,46.667,-120.6337,307,100,shape,FALSE,FALSE,America/Los_Angeles,3,98908,1840017369Northport,Northport,WA,Washington,53065,Stevens,48.9158,-117.7797,306,208,shape,FALSE,TRUE,America/Los_Angeles,3,99114 99157,1840022274Aberdeen Gardens,Aberdeen Gardens,WA,Washington,53027,Grays Harbor,47.0587,-123.7791,305,72,shape,FALSE,FALSE,America/Los_Angeles,3,98520,1840037845Glenwood,Glenwood,WA,Washington,53039,Klickitat,46.0228,-121.2925,303,125,shape,FALSE,FALSE,America/Los_Angeles,3,98619,1840037769Easton,Easton,WA,Washington,53037,Kittitas,47.2405,-121.1733,302,36,shape,FALSE,FALSE,America/Los_Angeles,3,98925,1840017354Elmer City,Elmer City,WA,Washington,53047,Okanogan,47.9999,-118.954,301,263.1,shape,FALSE,TRUE,America/Los_Angeles,3,99124,1840021058Nespelem Community,Nespelem Community,WA,Washington,53047,Okanogan,48.1715,-119.0244,301,4,shape,FALSE,TRUE,America/Los_Angeles,4,99155,1840037116Custer,Custer,WA,Washington,53073,Whatcom,48.9127,-122.6369,298,51,shape,FALSE,FALSE,America/Los_Angeles,3,98248 98240,1840018344South Prairie,South Prairie,WA,Washington,53053,Pierce,47.1373,-122.0939,297,519.1,shape,FALSE,TRUE,America/Los_Angeles,3,98385,1840022308Mansfield,Mansfield,WA,Washington,53017,Douglas,47.8119,-119.6379,297,331,shape,FALSE,TRUE,America/Los_Angeles,3,98830,1840022286Packwood,Packwood,WA,Washington,53041,Lewis,46.6085,-121.6703,294,113,shape,FALSE,FALSE,America/Los_Angeles,3,98361,1840025265Tampico,Tampico,WA,Washington,53077,Yakima,46.5332,-120.8742,286,26,shape,FALSE,FALSE,America/Los_Angeles,3,98903,1840023857Lyman,Lyman,WA,Washington,53057,Skagit,48.523,-122.0634,277,159,shape,FALSE,TRUE,America/Los_Angeles,3,98263 98284,1840021069Uniontown,Uniontown,WA,Washington,53075,Whitman,46.5391,-117.0861,273,114,shape,FALSE,TRUE,America/Los_Angeles,3,99179,1840022316Skamokawa Valley,Skamokawa Valley,WA,Washington,53069,Wahkiakum,46.3004,-123.4243,268,3,shape,FALSE,TRUE,America/Los_Angeles,4,98647 98612,1840042053Almira,Almira,WA,Washington,53043,Lincoln,47.7105,-118.9369,267,200,shape,FALSE,TRUE,America/Los_Angeles,3,99103,1840021108Lyle,Lyle,WA,Washington,53039,Klickitat,45.6956,-121.2805,267,145,shape,FALSE,FALSE,America/Los_Angeles,3,98635,1840017402North Sultan,North Sultan,WA,Washington,53061,Snohomish,47.8829,-121.8253,265,176,shape,FALSE,FALSE,America/Los_Angeles,3,98294,1840037859Edison,Edison,WA,Washington,53057,Skagit,48.564,-122.4348,264,79,shape,FALSE,FALSE,America/Los_Angeles,3,98232,1840017314Klickitat,Klickitat,WA,Washington,53039,Klickitat,45.818,-121.1626,262,107,shape,FALSE,FALSE,America/Los_Angeles,3,98628,1840017404Metaline Falls,Metaline Falls,WA,Washington,53051,Pend Oreille,48.8615,-117.3718,256,447.5,shape,FALSE,TRUE,America/Los_Angeles,3,99153,1840022277Gorst,Gorst,WA,Washington,53035,Kitsap,47.5239,-122.7053,255,154,shape,FALSE,FALSE,America/Los_Angeles,3,98312 98367,1840023795Kapowsin,Kapowsin,WA,Washington,53053,Pierce,46.9727,-122.2273,249,23,shape,FALSE,FALSE,America/Los_Angeles,3,98360 98338,1840023832Oso,Oso,WA,Washington,53061,Snohomish,48.2836,-121.9238,241,33,shape,FALSE,FALSE,America/Los_Angeles,3,98223,1840018374Creston,Creston,WA,Washington,53043,Lincoln,47.7594,-118.52,240,224,shape,FALSE,TRUE,America/Los_Angeles,3,99117,1840021109Spangle,Spangle,WA,Washington,53063,Spokane,47.4299,-117.3812,231,413.2,shape,FALSE,TRUE,America/Los_Angeles,3,99031,1840022290Humptulips,Humptulips,WA,Washington,53027,Grays Harbor,47.2491,-123.9348,227,9,shape,FALSE,FALSE,America/Los_Angeles,3,98552 98550,1840017361Maple Falls,Maple Falls,WA,Washington,53073,Whatcom,48.9179,-122.0943,226,40,shape,FALSE,FALSE,America/Los_Angeles,3,98244 98266,1840017290Conconully,Conconully,WA,Washington,53047,Okanogan,48.5586,-119.7521,225,30.3,shape,FALSE,TRUE,America/Los_Angeles,3,98819,1840022269Lake Cavanaugh,Lake Cavanaugh,WA,Washington,53057,Skagit,48.3225,-122.0122,220,110,shape,FALSE,FALSE,America/Los_Angeles,3,98274,1840037851Malden,Malden,WA,Washington,53075,Whitman,47.2296,-117.4731,219,128,shape,FALSE,TRUE,America/Los_Angeles,3,99149,1840022313Nespelem,Nespelem,WA,Washington,53047,Okanogan,48.167,-118.9722,215,225.3,shape,FALSE,TRUE,America/Los_Angeles,3,99155,1840022268Pacific Beach,Pacific Beach,WA,Washington,53027,Grays Harbor,47.2151,-124.1967,214,68,shape,FALSE,FALSE,America/Los_Angeles,3,98571,1840023817Crescent Bar,Crescent Bar,WA,Washington,53025,Grant,47.211,-119.9959,207,79,shape,FALSE,FALSE,America/Los_Angeles,3,98848,1840152031Baring,Baring,WA,Washington,53033,King,47.7661,-121.4803,205,75,shape,FALSE,FALSE,America/Los_Angeles,3,98224,1840017339Keller,Keller,WA,Washington,53019,Ferry,48.0852,-118.7164,204,8,shape,FALSE,FALSE,America/Los_Angeles,3,99140,1840023756Ronald,Ronald,WA,Washington,53037,Kittitas,47.2338,-121.0336,202,84,shape,FALSE,FALSE,America/Los_Angeles,3,98940,1840018438Latah,Latah,WA,Washington,53063,Spokane,47.2822,-117.1557,195,208.4,shape,FALSE,TRUE,America/Los_Angeles,3,99018,1840021097Wilson Creek,Wilson Creek,WA,Washington,53025,Grant,47.423,-119.1176,193,77,shape,FALSE,TRUE,America/Los_Angeles,3,98860,1840022294Ocosta,Ocosta,WA,Washington,53027,Grays Harbor,46.8913,-124.0236,190,24,shape,FALSE,FALSE,America/Los_Angeles,3,98520,1840119586Tokeland,Tokeland,WA,Washington,53049,Pacific,46.709,-123.9839,184,138,shape,FALSE,FALSE,America/Los_Angeles,3,98590,1840018469Queets,Queets,WA,Washington,53027,Grays Harbor,47.5314,-124.3385,183,50,shape,FALSE,FALSE,America/Los_Angeles,3,98331,1840037807Hartline,Hartline,WA,Washington,53025,Grant,47.6894,-119.1081,182,104.7,shape,FALSE,TRUE,America/Los_Angeles,3,99135,1840021105Marcus,Marcus,WA,Washington,53065,Stevens,48.6642,-118.0596,181,208.3,shape,FALSE,TRUE,America/Los_Angeles,3,99141 99151,1840022273Washtucna,Washtucna,WA,Washington,53001,Adams,46.7539,-118.3106,176,102,shape,FALSE,TRUE,America/Los_Angeles,3,99371,1840022312Deming,Deming,WA,Washington,53073,Whatcom,48.8312,-122.239,174,24,shape,FALSE,FALSE,America/Los_Angeles,3,98247 98244,1840018345Index,Index,WA,Washington,53061,Snohomish,47.8212,-121.5561,172,257.4,shape,FALSE,TRUE,America/Los_Angeles,3,98256,1840021082Dixie,Dixie,WA,Washington,53071,Walla Walla,46.1399,-118.1521,170,131,shape,FALSE,FALSE,America/Los_Angeles,3,99361 99329,1840018487Waverly,Waverly,WA,Washington,53063,Spokane,47.338,-117.2312,169,158,shape,FALSE,TRUE,America/Los_Angeles,3,99039,1840022291Deep River,Deep River,WA,Washington,53069,Wahkiakum,46.3521,-123.6985,169,4,shape,FALSE,FALSE,America/Los_Angeles,3,98638,1840023929Chinook,Chinook,WA,Washington,53049,Pacific,46.2755,-123.9425,168,64,shape,FALSE,FALSE,America/Los_Angeles,3,98614,1840017374Starbuck,Starbuck,WA,Washington,53013,Columbia,46.5186,-118.1254,161,153.2,shape,FALSE,TRUE,America/Los_Angeles,3,99359,1840022325Outlook,Outlook,WA,Washington,53077,Yakima,46.3311,-120.0924,158,280.9,shape,FALSE,FALSE,America/Los_Angeles,3,98938,1840023855Torboy,Torboy,WA,Washington,53019,Ferry,48.6771,-118.6689,154,64,shape,FALSE,FALSE,America/Los_Angeles,3,99166,1840026090Ocean City,Ocean City,WA,Washington,53027,Grays Harbor,47.0763,-124.1619,154,17,shape,FALSE,FALSE,America/Los_Angeles,3,98569,1840018444Bay Center,Bay Center,WA,Washington,53049,Pacific,46.6213,-123.9533,152,62,shape,FALSE,FALSE,America/Los_Angeles,3,98527,1840017375Wallula,Wallula,WA,Washington,53071,Walla Walla,46.0847,-118.9056,151,217.5,shape,FALSE,FALSE,America/Los_Angeles,3,99363,1840018489Alger,Alger,WA,Washington,53057,Skagit,48.6175,-122.3368,150,22,shape,FALSE,FALSE,America/Los_Angeles,3,98229 98233 98232 98284,1840017312Kahlotus,Kahlotus,WA,Washington,53021,Franklin,46.6433,-118.5559,144,124.4,shape,FALSE,TRUE,America/Los_Angeles,3,99335,1840018478Farmington,Farmington,WA,Washington,53075,Whitman,47.0887,-117.0464,142,178.2,shape,FALSE,TRUE,America/Los_Angeles,3,99128,1840021140Glacier,Glacier,WA,Washington,53073,Whatcom,48.8908,-121.9351,142,32,shape,FALSE,FALSE,America/Los_Angeles,3,98244,1840017292Hoodsport,Hoodsport,WA,Washington,53045,Mason,47.4022,-123.1535,139,50,shape,FALSE,FALSE,America/Los_Angeles,3,98548,1840025233Cliffdell,Cliffdell,WA,Washington,53077,Yakima,46.9222,-121.0431,136,28,shape,FALSE,FALSE,America/Los_Angeles,3,98937,1840023851Mineral,Mineral,WA,Washington,53041,Lewis,46.7193,-122.186,135,78,shape,FALSE,FALSE,America/Los_Angeles,3,98355,1840025263Steptoe,Steptoe,WA,Washington,53075,Whitman,47.0075,-117.3502,135,23,shape,FALSE,FALSE,America/Los_Angeles,3,99111 99174,1840025258Alder,Alder,WA,Washington,53053,Pierce,46.7872,-122.2667,134,16,shape,FALSE,FALSE,America/Los_Angeles,3,98328,1840023829Porter,Porter,WA,Washington,53027,Grays Harbor,46.9489,-123.2736,129,5,shape,FALSE,FALSE,America/Los_Angeles,3,98541,1840023818Skykomish,Skykomish,WA,Washington,53033,King,47.7104,-121.3584,127,147.1,shape,FALSE,TRUE,America/Los_Angeles,3,98288,1840022299Methow,Methow,WA,Washington,53047,Okanogan,48.1286,-120.0055,126,72,shape,FALSE,FALSE,America/Los_Angeles,3,98834,1840025237Acme,Acme,WA,Washington,53073,Whatcom,48.7158,-122.2077,123,31,shape,FALSE,FALSE,America/Los_Angeles,3,98220,1840017288Metaline,Metaline,WA,Washington,53051,Pend Oreille,48.8533,-117.3893,122,241.6,shape,FALSE,TRUE,America/Los_Angeles,3,99152,1840022276Valley,Valley,WA,Washington,53065,Stevens,48.173,-117.7244,122,109,shape,FALSE,FALSE,America/Los_Angeles,3,99181,1840025241Willapa,Willapa,WA,Washington,53049,Pacific,46.6755,-123.6648,122,141.4,shape,FALSE,FALSE,America/Los_Angeles,3,98577,1840025262Marblemount,Marblemount,WA,Washington,53057,Skagit,48.5418,-121.4397,121,12,shape,FALSE,FALSE,America/Los_Angeles,3,98267,1840017315Pataha,Pataha,WA,Washington,53023,Garfield,46.4727,-117.5445,119,23.6,shape,FALSE,FALSE,America/Los_Angeles,3,99347,1840037699Upper Elochoman,Upper Elochoman,WA,Washington,53069,Wahkiakum,46.2404,-123.3246,119,31,shape,FALSE,TRUE,America/Los_Angeles,4,98612,1840042136Centerville,Centerville,WA,Washington,53039,Klickitat,45.754,-120.908,118,13,shape,FALSE,FALSE,America/Los_Angeles,3,98613,1840017401Banks Lake South,Banks Lake South,WA,Washington,53025,Grant,47.6315,-119.276,113,17,shape,FALSE,TRUE,America/Los_Angeles,4,99115,1840034884Thorp,Thorp,WA,Washington,53037,Kittitas,47.0656,-120.6709,109,34,shape,FALSE,FALSE,America/Los_Angeles,3,98946,1840018439Roosevelt,Roosevelt,WA,Washington,53039,Klickitat,45.7476,-120.2161,108,11,shape,FALSE,FALSE,America/Los_Angeles,3,99356,1840136623Loomis,Loomis,WA,Washington,53047,Okanogan,48.8234,-119.6397,101,44,shape,FALSE,FALSE,America/Los_Angeles,3,98827,1840025235Bickleton,Bickleton,WA,Washington,53039,Klickitat,46.0056,-120.3081,100,8,shape,FALSE,FALSE,America/Los_Angeles,3,99322,1840017400Cougar,Cougar,WA,Washington,53015,Cowlitz,46.0493,-122.3034,93,62,shape,FALSE,FALSE,America/Los_Angeles,3,98616,1840037758Nile,Nile,WA,Washington,53077,Yakima,46.8349,-120.9438,90,37,shape,FALSE,FALSE,America/Los_Angeles,3,98937,1840023854La Grande,La Grande,WA,Washington,53053,Pierce,46.8199,-122.2962,88,7,shape,FALSE,FALSE,America/Los_Angeles,3,98328,1840023834Pine Grove,Pine Grove,WA,Washington,53019,Ferry,48.6501,-118.6839,84,66,shape,FALSE,TRUE,America/Los_Angeles,4,99166,1840043279Amanda Park,Amanda Park,WA,Washington,53027,Grays Harbor,47.4532,-123.9194,84,3,shape,FALSE,FALSE,America/Los_Angeles,3,98526,1840023816Orient,Orient,WA,Washington,53019,Ferry,48.8637,-118.2059,82,73,shape,FALSE,FALSE,America/Los_Angeles,3,99160,1840025243Northwest Stanwood,Northwest Stanwood,WA,Washington,53061,Snohomish,48.2624,-122.3501,79,42,shape,FALSE,TRUE,America/Los_Angeles,4,98292,1840042009Markham,Markham,WA,Washington,53027,Grays Harbor,46.915,-123.9823,79,27,shape,FALSE,FALSE,America/Los_Angeles,3,98520,1840017359Cusick,Cusick,WA,Washington,53051,Pend Oreille,48.3333,-117.2944,78,59,shape,FALSE,TRUE,America/Los_Angeles,3,99119 99180,1840021060Greenwater,Greenwater,WA,Washington,53053,Pierce,47.1465,-121.632,77,20,shape,FALSE,FALSE,America/Los_Angeles,3,98022,1840017343Lamont,Lamont,WA,Washington,53075,Whitman,47.2007,-117.9049,71,81.4,shape,FALSE,TRUE,America/Los_Angeles,3,99017,1840021142Santiago,Santiago,WA,Washington,53027,Grays Harbor,47.2975,-124.2327,71,17,shape,FALSE,TRUE,America/Los_Angeles,4,98587,1840042040Twin Lakes,Twin Lakes,WA,Washington,53019,Ferry,48.2622,-118.3591,71,6,shape,FALSE,TRUE,America/Los_Angeles,5,99138,1840042118Danville,Danville,WA,Washington,53019,Ferry,48.9938,-118.5068,70,14.2,shape,FALSE,FALSE,America/Los_Angeles,3,99121,1840037761Lebam,Lebam,WA,Washington,53049,Pacific,46.564,-123.5508,69,18,shape,FALSE,FALSE,America/Los_Angeles,3,98577,1840017376Sunland Estates,Sunland Estates,WA,Washington,53025,Grant,47.074,-120.0284,65,62,shape,FALSE,FALSE,America/Los_Angeles,3,98848,1840148425Hat Island,Hat Island,WA,Washington,53061,Snohomish,48.013,-122.3201,61,34,shape,FALSE,TRUE,America/Los_Angeles,4,98201,1840041926Qui-nai-elt Village,Qui-nai-elt Village,WA,Washington,53027,Grays Harbor,47.2502,-124.1902,56,29,shape,FALSE,TRUE,America/Los_Angeles,4,98587,1840042034Boyds,Boyds,WA,Washington,53019,Ferry,48.7245,-118.1321,52,38.1,shape,FALSE,FALSE,America/Los_Angeles,3,99141,1840026091Curlew,Curlew,WA,Washington,53019,Ferry,48.8777,-118.6046,51,26,shape,FALSE,FALSE,America/Los_Angeles,3,99118,1840025242Chelan Falls,Chelan Falls,WA,Washington,53007,Chelan,47.7994,-119.9882,50,436.9,shape,FALSE,FALSE,America/Los_Angeles,3,98817,1840025245Herron Island,Herron Island,WA,Washington,53053,Pierce,47.2645,-122.8348,50,40,shape,FALSE,TRUE,America/Los_Angeles,4,98349,1840041931Barstow,Barstow,WA,Washington,53019,Ferry,48.7783,-118.1329,49,33,shape,FALSE,FALSE,America/Los_Angeles,3,99141,1840026089Parker,Parker,WA,Washington,53077,Yakima,46.5021,-120.4668,49,280.2,shape,FALSE,FALSE,America/Los_Angeles,3,98939 98951,1840023856Moclips,Moclips,WA,Washington,53027,Grays Harbor,47.2348,-124.2024,49,10,shape,FALSE,FALSE,America/Los_Angeles,3,98571 98562,1840018442Elbe,Elbe,WA,Washington,53053,Pierce,46.7653,-122.1956,46,144.4,shape,FALSE,FALSE,America/Los_Angeles,3,98328,1840017364Malo,Malo,WA,Washington,53019,Ferry,48.7997,-118.6119,45,20.7,shape,FALSE,FALSE,America/Los_Angeles,3,99150,1840026093Blyn,Blyn,WA,Washington,53009,Clallam,48.0131,-122.9897,45,3,shape,FALSE,FALSE,America/Los_Angeles,3,98382,1840017318Sekiu,Sekiu,WA,Washington,53009,Clallam,48.2639,-124.3015,44,94.1,shape,FALSE,FALSE,America/Los_Angeles,3,98381,1840025248Maryhill,Maryhill,WA,Washington,53039,Klickitat,45.6928,-120.807,44,6,shape,FALSE,FALSE,America/Los_Angeles,3,98620,1840017403Conway,Conway,WA,Washington,53057,Skagit,48.3357,-122.3444,40,130,shape,FALSE,FALSE,America/Los_Angeles,3,98238,1840017311Addy,Addy,WA,Washington,53065,Stevens,48.3588,-117.8372,40,194,shape,FALSE,FALSE,America/Los_Angeles,3,99101,1840025238Krupp,Krupp,WA,Washington,53025,Grant,47.4105,-118.9887,36,23,shape,FALSE,TRUE,America/Los_Angeles,4,98832,1840074934Altoona,Altoona,WA,Washington,53069,Wahkiakum,46.2699,-123.6144,35,2,shape,FALSE,FALSE,America/Los_Angeles,3,98643,1840023875Rockport,Rockport,WA,Washington,53057,Skagit,48.485,-121.6065,27,50.9,shape,FALSE,FALSE,America/Los_Angeles,3,98283,1840018365Disautel,Disautel,WA,Washington,53047,Okanogan,48.3446,-119.2301,15,3.3,shape,FALSE,FALSE,America/Los_Angeles,3,98841,1840023755Seattle,Seattle,WA,Washington,53045.79602,King,47.43171831,-120.7247295,-25709.45485,-121.2297228,shape,FALSE,TRUE,America/Los_Angeles,3.174244763,98109 98108 98105 98104 98107 98106 98101 98103 98102 98154 98122 98121 98126 98125 98178 98174 98177 98144 98146 98195 98199 98118 98119 98116 98117 98115 98112 98164 98134 98136 98134,1840030578Seattle,Seattle,WA,Washington,53045.80116,King,47.4320171,-120.722656,-25843.02934,-123.2905518,shape,FALSE,TRUE,America/Los_Angeles,3.17476132,98109 98108 98105 98104 98107 98106 98101 98103 98102 98154 98122 98121 98126 98125 98178 98174 98177 98144 98146 98195 98199 98118 98119 98116 98117 98115 98112 98164 98134 98136 98134,1840030583